-- MySQL dump 10.11
--
-- Host: localhost    Database: dummy_load
-- ------------------------------------------------------
-- Server version	5.0.45

/*!40101 SET @OLD_CHARACTER_SET_CLIENT=@@CHARACTER_SET_CLIENT */;
/*!40101 SET @OLD_CHARACTER_SET_RESULTS=@@CHARACTER_SET_RESULTS */;
/*!40101 SET @OLD_COLLATION_CONNECTION=@@COLLATION_CONNECTION */;
/*!40101 SET NAMES utf8 */;
/*!40103 SET @OLD_TIME_ZONE=@@TIME_ZONE */;
/*!40103 SET TIME_ZONE='+00:00' */;
/*!40014 SET @OLD_UNIQUE_CHECKS=@@UNIQUE_CHECKS, UNIQUE_CHECKS=0 */;
/*!40014 SET @OLD_FOREIGN_KEY_CHECKS=@@FOREIGN_KEY_CHECKS, FOREIGN_KEY_CHECKS=0 */;
/*!40101 SET @OLD_SQL_MODE=@@SQL_MODE, SQL_MODE='NO_AUTO_VALUE_ON_ZERO' */;
/*!40111 SET @OLD_SQL_NOTES=@@SQL_NOTES, SQL_NOTES=0 */;

--
-- Table structure for table `attach_data`
--

DROP TABLE IF EXISTS `attach_data`;
CREATE TABLE `attach_data` (
  `id` mediumint(9) NOT NULL,
  `thedata` longblob NOT NULL,
  PRIMARY KEY  (`id`)
) ENGINE=MyISAM DEFAULT CHARSET=utf8 MAX_ROWS=100000 AVG_ROW_LENGTH=1000000;

--
-- Dumping data for table `attach_data`
--

LOCK TABLES `attach_data` WRITE;
/*!40000 ALTER TABLE `attach_data` DISABLE KEYS */;
INSERT INTO `attach_data` VALUES (1,'Lorem ipsum dolor sit amet, consectetuer adipiscing elit. Nam pellentesque odio et elit. Nam lobortis sem suscipit sapien. Sed iaculis aliquam sapien. Maecenas ut lectus. Aenean fringilla massa et metus. Nam varius, sapien nec egestas feugiat, mi libero dignissim orci, id fermentum quam nisl quis risus. Phasellus libero justo, aliquet quis, pellentesque vitae, porttitor quis, orci. Maecenas sollicitudin. Donec bibendum, ante quis sodales fermentum, quam risus placerat pede, nec aliquam lorem odio sit amet nisi. Ut sem tellus, feugiat vitae, lobortis nec, dapibus at, est. Aenean cursus. Vivamus faucibus lectus eget felis. Nullam commodo tortor vitae turpis.\n\nSed mollis interdum risus. Pellentesque ante velit, facilisis vitae, fermentum eu, feugiat sit amet, dui. Suspendisse tempus ullamcorper nisl. Suspendisse ullamcorper, velit non luctus gravida, massa turpis ullamcorper eros, sed dictum risus neque ut augue. Vestibulum neque nulla, pretium fermentum, rutrum vehicula, pulvinar at, est. Quisque dignissim. Nullam placerat neque vel urna. Quisque cursus lacus rutrum tortor. Nunc ut elit. Vestibulum mi nunc, volutpat id, tempor ut, scelerisque vel, magna. Aenean nisl nulla, rutrum sit amet, sollicitudin sed, molestie eget, nisi. Lorem ipsum dolor sit amet, consectetuer adipiscing elit. Class aptent taciti sociosqu ad litora torquent per conubia nostra, per inceptos himenaeos. In odio erat, bibendum eu, gravida nec, elementum sed, urna.\n\nAliquam ultricies viverra mi. Ut convallis urna quis urna. Sed sed tortor. Suspendisse quis tellus. Ut gravida. Ut facilisis lectus in purus. Sed at est non libero dignissim varius. Donec vestibulum odio ac felis. Duis interdum pellentesque nisl. Aenean leo. Curabitur lectus. Cum sociis natoque penatibus et magnis dis parturient montes, nascetur ridiculus mus. Duis nisl ligula, elementum vitae, posuere eu, semper eget, augue. Maecenas metus nulla, ullamcorper id, malesuada sit amet, mattis nec, lacus. Nam tortor.\n\nNam sollicitudin, lacus sit amet aliquam tempus, nulla tellus tempus velit, eu sollicitudin dolor dui et velit. In ac sem. Mauris adipiscing enim in felis. Morbi porttitor laoreet sapien. Nam felis dolor, laoreet sed, iaculis eu, vulputate eu, nunc. Nullam egestas ligula. Fusce ut sapien. Aliquam erat volutpat. Proin tristique scelerisque sem. Nullam non erat.\n\nSed feugiat, lacus in elementum egestas, sapien nulla sodales leo, nec scelerisque diam eros eu arcu. Phasellus ut magna. Cras dignissim pellentesque tellus. Curabitur sapien. Suspendisse a risus lobortis quam consectetuer placerat. Aliquam ultricies pretium tortor. Aliquam erat volutpat. Mauris nunc. Etiam vitae diam. Aenean a felis. Donec posuere, lacus in lacinia commodo, ligula lectus rutrum nibh, non dapibus sapien enim eu mauris. Pellentesque arcu risus, condimentum id, dapibus in, blandit ut, pede. Nulla facilisi. Vestibulum elit quam, fringilla convallis, congue lacinia, dictum at, velit. Vestibulum ante ipsum primis in faucibus orci luctus et ultrices posuere cubilia Curae; Sed augue mauris, commodo vel, tincidunt hendrerit, consectetuer eu, eros. \n');
/*!40000 ALTER TABLE `attach_data` ENABLE KEYS */;
UNLOCK TABLES;

--
-- Table structure for table `attachments`
--

DROP TABLE IF EXISTS `attachments`;
CREATE TABLE `attachments` (
  `attach_id` mediumint(9) NOT NULL auto_increment,
  `bug_id` mediumint(9) NOT NULL,
  `creation_ts` datetime NOT NULL,
  `description` mediumtext NOT NULL,
  `mimetype` mediumtext NOT NULL,
  `ispatch` tinyint(4) default NULL,
  `filename` varchar(100) NOT NULL,
  `submitter_id` mediumint(9) NOT NULL,
  `isobsolete` tinyint(4) NOT NULL default '0',
  `isprivate` tinyint(4) NOT NULL default '0',
  `isurl` tinyint(4) NOT NULL default '0',
  PRIMARY KEY  (`attach_id`),
  KEY `attachments_bug_id_idx` (`bug_id`),
  KEY `attachments_creation_ts_idx` (`creation_ts`),
  KEY `attachments_submitter_id_idx` (`submitter_id`,`bug_id`)
) ENGINE=MyISAM AUTO_INCREMENT=2 DEFAULT CHARSET=utf8;

--
-- Dumping data for table `attachments`
--

LOCK TABLES `attachments` WRITE;
/*!40000 ALTER TABLE `attachments` DISABLE KEYS */;
INSERT INTO `attachments` VALUES (1,3,'2008-05-02 15:10:00','LOREM','text/plain',0,'LOREM.TXT',1,0,0,0);
/*!40000 ALTER TABLE `attachments` ENABLE KEYS */;
UNLOCK TABLES;

--
-- Table structure for table `bug_group_map`
--

DROP TABLE IF EXISTS `bug_group_map`;
CREATE TABLE `bug_group_map` (
  `bug_id` mediumint(9) NOT NULL,
  `group_id` mediumint(9) NOT NULL,
  UNIQUE KEY `bug_group_map_bug_id_idx` (`bug_id`,`group_id`),
  KEY `bug_group_map_group_id_idx` (`group_id`)
) ENGINE=MyISAM DEFAULT CHARSET=utf8;

--
-- Dumping data for table `bug_group_map`
--

LOCK TABLES `bug_group_map` WRITE;
/*!40000 ALTER TABLE `bug_group_map` DISABLE KEYS */;
INSERT INTO `bug_group_map` VALUES (4,15),(5,16),(6,16);
/*!40000 ALTER TABLE `bug_group_map` ENABLE KEYS */;
UNLOCK TABLES;

--
-- Table structure for table `bug_severity`
--

DROP TABLE IF EXISTS `bug_severity`;
CREATE TABLE `bug_severity` (
  `id` smallint(6) NOT NULL auto_increment,
  `value` varchar(64) NOT NULL,
  `sortkey` smallint(6) NOT NULL default '0',
  `isactive` tinyint(4) NOT NULL default '1',
  PRIMARY KEY  (`id`),
  UNIQUE KEY `bug_severity_value_idx` (`value`),
  KEY `bug_severity_sortkey_idx` (`sortkey`,`value`)
) ENGINE=MyISAM AUTO_INCREMENT=8 DEFAULT CHARSET=utf8;

--
-- Dumping data for table `bug_severity`
--

LOCK TABLES `bug_severity` WRITE;
/*!40000 ALTER TABLE `bug_severity` DISABLE KEYS */;
INSERT INTO `bug_severity` VALUES (1,'blocker',100,1),(2,'critical',200,1),(3,'major',300,1),(4,'normal',400,1),(5,'minor',500,1),(6,'trivial',600,1),(7,'enhancement',700,1);
/*!40000 ALTER TABLE `bug_severity` ENABLE KEYS */;
UNLOCK TABLES;

--
-- Table structure for table `bug_status`
--

DROP TABLE IF EXISTS `bug_status`;
CREATE TABLE `bug_status` (
  `id` smallint(6) NOT NULL auto_increment,
  `value` varchar(64) NOT NULL,
  `sortkey` smallint(6) NOT NULL default '0',
  `isactive` tinyint(4) NOT NULL default '1',
  PRIMARY KEY  (`id`),
  UNIQUE KEY `bug_status_value_idx` (`value`),
  KEY `bug_status_sortkey_idx` (`sortkey`,`value`)
) ENGINE=MyISAM AUTO_INCREMENT=8 DEFAULT CHARSET=utf8;

--
-- Dumping data for table `bug_status`
--

LOCK TABLES `bug_status` WRITE;
/*!40000 ALTER TABLE `bug_status` DISABLE KEYS */;
INSERT INTO `bug_status` VALUES (1,'UNCONFIRMED',100,1),(2,'NEW',200,1),(3,'ASSIGNED',300,1),(4,'REOPENED',400,1),(5,'RESOLVED',500,1),(6,'VERIFIED',600,1),(7,'CLOSED',700,1);
/*!40000 ALTER TABLE `bug_status` ENABLE KEYS */;
UNLOCK TABLES;

--
-- Table structure for table `bugs`
--

DROP TABLE IF EXISTS `bugs`;
CREATE TABLE `bugs` (
  `bug_id` mediumint(9) NOT NULL auto_increment,
  `assigned_to` mediumint(9) NOT NULL,
  `bug_file_loc` text,
  `bug_severity` varchar(64) NOT NULL,
  `bug_status` varchar(64) NOT NULL,
  `creation_ts` datetime default NULL,
  `delta_ts` datetime NOT NULL,
  `short_desc` varchar(255) NOT NULL,
  `op_sys` varchar(64) NOT NULL,
  `priority` varchar(64) NOT NULL,
  `product_id` smallint(6) NOT NULL,
  `rep_platform` varchar(64) NOT NULL,
  `reporter` mediumint(9) NOT NULL,
  `version` varchar(64) NOT NULL,
  `component_id` smallint(6) NOT NULL,
  `resolution` varchar(64) NOT NULL default '',
  `target_milestone` varchar(20) NOT NULL default '---',
  `qa_contact` mediumint(9) default NULL,
  `status_whiteboard` mediumtext NOT NULL,
  `votes` mediumint(9) NOT NULL default '0',
  `keywords` mediumtext NOT NULL,
  `lastdiffed` datetime default NULL,
  `everconfirmed` tinyint(4) NOT NULL,
  `reporter_accessible` tinyint(4) NOT NULL default '1',
  `cclist_accessible` tinyint(4) NOT NULL default '1',
  `estimated_time` decimal(5,2) NOT NULL default '0.00',
  `remaining_time` decimal(5,2) NOT NULL default '0.00',
  `deadline` datetime default NULL,
  `alias` varchar(20) default NULL,
  `infoprovider` int(11) default NULL,
  PRIMARY KEY  (`bug_id`),
  UNIQUE KEY `bugs_alias_idx` (`alias`),
  KEY `bugs_assigned_to_idx` (`assigned_to`),
  KEY `bugs_creation_ts_idx` (`creation_ts`),
  KEY `bugs_delta_ts_idx` (`delta_ts`),
  KEY `bugs_bug_severity_idx` (`bug_severity`),
  KEY `bugs_bug_status_idx` (`bug_status`),
  KEY `bugs_op_sys_idx` (`op_sys`),
  KEY `bugs_priority_idx` (`priority`),
  KEY `bugs_product_id_idx` (`product_id`),
  KEY `bugs_reporter_idx` (`reporter`),
  KEY `bugs_version_idx` (`version`),
  KEY `bugs_component_id_idx` (`component_id`),
  KEY `bugs_resolution_idx` (`resolution`),
  KEY `bugs_target_milestone_idx` (`target_milestone`),
  KEY `bugs_qa_contact_idx` (`qa_contact`),
  KEY `bugs_votes_idx` (`votes`)
) ENGINE=MyISAM AUTO_INCREMENT=7 DEFAULT CHARSET=utf8;

--
-- Dumping data for table `bugs`
--

LOCK TABLES `bugs` WRITE;
/*!40000 ALTER TABLE `bugs` DISABLE KEYS */;
INSERT INTO `bugs` VALUES (1,4,'','normal','NEW','2008-03-27 15:48:39','2008-03-27 15:48:39','PUBLIC VISIBLE BUG','Linux','P5',1,'PC',1,'PUBLIC v1',1,'','PUBLIC M1',5,'',0,'','2008-03-27 15:48:39',1,1,1,'0.00','0.00',NULL,NULL,NULL),(2,4,'','enhancement','NEW','2008-05-01 17:24:10','2008-05-01 17:24:10','[Test Case 5] PUBLIC TEST CASE 3 - CONFIRMED','Linux','P5',1,'PC',1,'PUBLIC v1',1,'','PUBLIC M1',5,'',0,'','2008-05-01 17:24:11',1,1,1,'0.00','0.00',NULL,NULL,NULL),(3,4,'','enhancement','NEW','2008-05-02 15:10:00','2008-05-02 15:10:00','PUBLIC BUG','Linux','P5',1,'PC',1,'PUBLIC v1',1,'','PUBLIC M1',5,'',0,'','2008-05-02 15:10:01',1,1,1,'0.00','0.00',NULL,NULL,NULL),(4,2,'','enhancement','NEW','2008-05-02 15:19:36','2008-05-02 15:19:36','PARTNER VISIBLE BUG','Linux','P5',3,'PC',2,'PARTNER v2',4,'','PARTNER M1',6,'',0,'','2008-05-02 15:19:36',1,1,1,'0.00','0.00',NULL,NULL,NULL),(5,7,'','enhancement','NEW','2008-05-02 15:21:06','2008-05-02 15:21:06','PRIVATE BUG','Linux','P5',2,'PC',7,'PRIVATE v2',3,'','PRIVATE M1',8,'',0,'','2008-05-02 15:21:07',1,1,1,'0.00','0.00',NULL,NULL,NULL),(6,7,'','enhancement','NEW','2008-05-02 15:27:32','2008-05-02 15:27:32','[Test Case 15] PRIVATE CASE (RUN 3)','Linux','P5',2,'PC',3,'PRIVATE v2',3,'','PRIVATE M1',8,'',0,'','2008-05-02 15:27:32',1,1,1,'0.00','0.00',NULL,NULL,NULL);
/*!40000 ALTER TABLE `bugs` ENABLE KEYS */;
UNLOCK TABLES;

--
-- Table structure for table `bugs_activity`
--

DROP TABLE IF EXISTS `bugs_activity`;
CREATE TABLE `bugs_activity` (
  `bug_id` mediumint(9) NOT NULL,
  `attach_id` mediumint(9) default NULL,
  `who` mediumint(9) NOT NULL,
  `bug_when` datetime NOT NULL,
  `fieldid` mediumint(9) NOT NULL,
  `added` tinytext,
  `removed` tinytext,
  KEY `bugs_activity_bug_id_idx` (`bug_id`),
  KEY `bugs_activity_who_idx` (`who`),
  KEY `bugs_activity_bug_when_idx` (`bug_when`),
  KEY `bugs_activity_fieldid_idx` (`fieldid`)
) ENGINE=MyISAM DEFAULT CHARSET=utf8;

--
-- Dumping data for table `bugs_activity`
--

LOCK TABLES `bugs_activity` WRITE;
/*!40000 ALTER TABLE `bugs_activity` DISABLE KEYS */;
/*!40000 ALTER TABLE `bugs_activity` ENABLE KEYS */;
UNLOCK TABLES;

--
-- Table structure for table `bz_schema`
--

DROP TABLE IF EXISTS `bz_schema`;
CREATE TABLE `bz_schema` (
  `schema_data` longblob NOT NULL,
  `version` decimal(3,2) NOT NULL
) ENGINE=MyISAM DEFAULT CHARSET=utf8;

--
-- Dumping data for table `bz_schema`
--

LOCK TABLES `bz_schema` WRITE;
/*!40000 ALTER TABLE `bz_schema` DISABLE KEYS */;
INSERT INTO `bz_schema` VALUES ('$VAR1 = {\n          \'attach_data\' => {\n                             \'FIELDS\' => [\n                                           \'id\',\n                                           {\n                                             \'NOTNULL\' => 1,\n                                             \'PRIMARYKEY\' => 1,\n                                             \'TYPE\' => \'INT3\'\n                                           },\n                                           \'thedata\',\n                                           {\n                                             \'NOTNULL\' => 1,\n                                             \'TYPE\' => \'LONGBLOB\'\n                                           }\n                                         ]\n                           },\n          \'attachments\' => {\n                             \'FIELDS\' => [\n                                           \'attach_id\',\n                                           {\n                                             \'NOTNULL\' => 1,\n                                             \'PRIMARYKEY\' => 1,\n                                             \'TYPE\' => \'MEDIUMSERIAL\'\n                                           },\n                                           \'bug_id\',\n                                           {\n                                             \'NOTNULL\' => 1,\n                                             \'TYPE\' => \'INT3\'\n                                           },\n                                           \'creation_ts\',\n                                           {\n                                             \'NOTNULL\' => 1,\n                                             \'TYPE\' => \'DATETIME\'\n                                           },\n                                           \'description\',\n                                           {\n                                             \'NOTNULL\' => 1,\n                                             \'TYPE\' => \'MEDIUMTEXT\'\n                                           },\n                                           \'mimetype\',\n                                           {\n                                             \'NOTNULL\' => 1,\n                                             \'TYPE\' => \'MEDIUMTEXT\'\n                                           },\n                                           \'ispatch\',\n                                           {\n                                             \'TYPE\' => \'BOOLEAN\'\n                                           },\n                                           \'filename\',\n                                           {\n                                             \'NOTNULL\' => 1,\n                                             \'TYPE\' => \'varchar(100)\'\n                                           },\n                                           \'submitter_id\',\n                                           {\n                                             \'NOTNULL\' => 1,\n                                             \'TYPE\' => \'INT3\'\n                                           },\n                                           \'isobsolete\',\n                                           {\n                                             \'DEFAULT\' => \'FALSE\',\n                                             \'NOTNULL\' => 1,\n                                             \'TYPE\' => \'BOOLEAN\'\n                                           },\n                                           \'isprivate\',\n                                           {\n                                             \'DEFAULT\' => \'FALSE\',\n                                             \'NOTNULL\' => 1,\n                                             \'TYPE\' => \'BOOLEAN\'\n                                           },\n                                           \'isurl\',\n                                           {\n                                             \'DEFAULT\' => \'FALSE\',\n                                             \'NOTNULL\' => 1,\n                                             \'TYPE\' => \'BOOLEAN\'\n                                           }\n                                         ],\n                             \'INDEXES\' => [\n                                            \'attachments_bug_id_idx\',\n                                            [\n                                              \'bug_id\'\n                                            ],\n                                            \'attachments_creation_ts_idx\',\n                                            [\n                                              \'creation_ts\'\n                                            ],\n                                            \'attachments_submitter_id_idx\',\n                                            [\n                                              \'submitter_id\',\n                                              \'bug_id\'\n                                            ]\n                                          ]\n                           },\n          \'bug_group_map\' => {\n                               \'FIELDS\' => [\n                                             \'bug_id\',\n                                             {\n                                               \'NOTNULL\' => 1,\n                                               \'TYPE\' => \'INT3\'\n                                             },\n                                             \'group_id\',\n                                             {\n                                               \'NOTNULL\' => 1,\n                                               \'TYPE\' => \'INT3\'\n                                             }\n                                           ],\n                               \'INDEXES\' => [\n                                              \'bug_group_map_bug_id_idx\',\n                                              {\n                                                \'FIELDS\' => [\n                                                              \'bug_id\',\n                                                              \'group_id\'\n                                                            ],\n                                                \'TYPE\' => \'UNIQUE\'\n                                              },\n                                              \'bug_group_map_group_id_idx\',\n                                              [\n                                                \'group_id\'\n                                              ]\n                                            ]\n                             },\n          \'bug_severity\' => {\n                              \'FIELDS\' => [\n                                            \'id\',\n                                            {\n                                              \'NOTNULL\' => 1,\n                                              \'PRIMARYKEY\' => 1,\n                                              \'TYPE\' => \'SMALLSERIAL\'\n                                            },\n                                            \'value\',\n                                            {\n                                              \'NOTNULL\' => 1,\n                                              \'TYPE\' => \'varchar(64)\'\n                                            },\n                                            \'sortkey\',\n                                            {\n                                              \'DEFAULT\' => 0,\n                                              \'NOTNULL\' => 1,\n                                              \'TYPE\' => \'INT2\'\n                                            },\n                                            \'isactive\',\n                                            {\n                                              \'DEFAULT\' => \'TRUE\',\n                                              \'NOTNULL\' => 1,\n                                              \'TYPE\' => \'BOOLEAN\'\n                                            }\n                                          ],\n                              \'INDEXES\' => [\n                                             \'bug_severity_value_idx\',\n                                             {\n                                               \'FIELDS\' => [\n                                                             \'value\'\n                                                           ],\n                                               \'TYPE\' => \'UNIQUE\'\n                                             },\n                                             \'bug_severity_sortkey_idx\',\n                                             [\n                                               \'sortkey\',\n                                               \'value\'\n                                             ]\n                                           ]\n                            },\n          \'bug_status\' => {\n                            \'FIELDS\' => [\n                                          \'id\',\n                                          {\n                                            \'NOTNULL\' => 1,\n                                            \'PRIMARYKEY\' => 1,\n                                            \'TYPE\' => \'SMALLSERIAL\'\n                                          },\n                                          \'value\',\n                                          {\n                                            \'NOTNULL\' => 1,\n                                            \'TYPE\' => \'varchar(64)\'\n                                          },\n                                          \'sortkey\',\n                                          {\n                                            \'DEFAULT\' => 0,\n                                            \'NOTNULL\' => 1,\n                                            \'TYPE\' => \'INT2\'\n                                          },\n                                          \'isactive\',\n                                          {\n                                            \'DEFAULT\' => \'TRUE\',\n                                            \'NOTNULL\' => 1,\n                                            \'TYPE\' => \'BOOLEAN\'\n                                          }\n                                        ],\n                            \'INDEXES\' => [\n                                           \'bug_status_value_idx\',\n                                           {\n                                             \'FIELDS\' => [\n                                                           \'value\'\n                                                         ],\n                                             \'TYPE\' => \'UNIQUE\'\n                                           },\n                                           \'bug_status_sortkey_idx\',\n                                           [\n                                             \'sortkey\',\n                                             \'value\'\n                                           ]\n                                         ]\n                          },\n          \'bugs\' => {\n                      \'FIELDS\' => [\n                                    \'bug_id\',\n                                    {\n                                      \'NOTNULL\' => 1,\n                                      \'PRIMARYKEY\' => 1,\n                                      \'TYPE\' => \'MEDIUMSERIAL\'\n                                    },\n                                    \'assigned_to\',\n                                    {\n                                      \'NOTNULL\' => 1,\n                                      \'TYPE\' => \'INT3\'\n                                    },\n                                    \'bug_file_loc\',\n                                    {\n                                      \'TYPE\' => \'TEXT\'\n                                    },\n                                    \'bug_severity\',\n                                    {\n                                      \'NOTNULL\' => 1,\n                                      \'TYPE\' => \'varchar(64)\'\n                                    },\n                                    \'bug_status\',\n                                    {\n                                      \'NOTNULL\' => 1,\n                                      \'TYPE\' => \'varchar(64)\'\n                                    },\n                                    \'creation_ts\',\n                                    {\n                                      \'TYPE\' => \'DATETIME\'\n                                    },\n                                    \'delta_ts\',\n                                    {\n                                      \'NOTNULL\' => 1,\n                                      \'TYPE\' => \'DATETIME\'\n                                    },\n                                    \'short_desc\',\n                                    {\n                                      \'NOTNULL\' => 1,\n                                      \'TYPE\' => \'varchar(255)\'\n                                    },\n                                    \'op_sys\',\n                                    {\n                                      \'NOTNULL\' => 1,\n                                      \'TYPE\' => \'varchar(64)\'\n                                    },\n                                    \'priority\',\n                                    {\n                                      \'NOTNULL\' => 1,\n                                      \'TYPE\' => \'varchar(64)\'\n                                    },\n                                    \'product_id\',\n                                    {\n                                      \'NOTNULL\' => 1,\n                                      \'TYPE\' => \'INT2\'\n                                    },\n                                    \'rep_platform\',\n                                    {\n                                      \'NOTNULL\' => 1,\n                                      \'TYPE\' => \'varchar(64)\'\n                                    },\n                                    \'reporter\',\n                                    {\n                                      \'NOTNULL\' => 1,\n                                      \'TYPE\' => \'INT3\'\n                                    },\n                                    \'version\',\n                                    {\n                                      \'NOTNULL\' => 1,\n                                      \'TYPE\' => \'varchar(64)\'\n                                    },\n                                    \'component_id\',\n                                    {\n                                      \'NOTNULL\' => 1,\n                                      \'TYPE\' => \'INT2\'\n                                    },\n                                    \'resolution\',\n                                    {\n                                      \'DEFAULT\' => \'\\\'\\\'\',\n                                      \'NOTNULL\' => 1,\n                                      \'TYPE\' => \'varchar(64)\'\n                                    },\n                                    \'target_milestone\',\n                                    {\n                                      \'DEFAULT\' => \'\\\'---\\\'\',\n                                      \'NOTNULL\' => 1,\n                                      \'TYPE\' => \'varchar(20)\'\n                                    },\n                                    \'qa_contact\',\n                                    {\n                                      \'TYPE\' => \'INT3\'\n                                    },\n                                    \'status_whiteboard\',\n                                    {\n                                      \'DEFAULT\' => \'\\\'\\\'\',\n                                      \'NOTNULL\' => 1,\n                                      \'TYPE\' => \'MEDIUMTEXT\'\n                                    },\n                                    \'votes\',\n                                    {\n                                      \'DEFAULT\' => \'0\',\n                                      \'NOTNULL\' => 1,\n                                      \'TYPE\' => \'INT3\'\n                                    },\n                                    \'keywords\',\n                                    {\n                                      \'DEFAULT\' => \'\\\'\\\'\',\n                                      \'NOTNULL\' => 1,\n                                      \'TYPE\' => \'MEDIUMTEXT\'\n                                    },\n                                    \'lastdiffed\',\n                                    {\n                                      \'TYPE\' => \'DATETIME\'\n                                    },\n                                    \'everconfirmed\',\n                                    {\n                                      \'NOTNULL\' => 1,\n                                      \'TYPE\' => \'BOOLEAN\'\n                                    },\n                                    \'reporter_accessible\',\n                                    {\n                                      \'DEFAULT\' => \'TRUE\',\n                                      \'NOTNULL\' => 1,\n                                      \'TYPE\' => \'BOOLEAN\'\n                                    },\n                                    \'cclist_accessible\',\n                                    {\n                                      \'DEFAULT\' => \'TRUE\',\n                                      \'NOTNULL\' => 1,\n                                      \'TYPE\' => \'BOOLEAN\'\n                                    },\n                                    \'estimated_time\',\n                                    {\n                                      \'DEFAULT\' => \'0\',\n                                      \'NOTNULL\' => 1,\n                                      \'TYPE\' => \'decimal(5,2)\'\n                                    },\n                                    \'remaining_time\',\n                                    {\n                                      \'DEFAULT\' => \'0\',\n                                      \'NOTNULL\' => 1,\n                                      \'TYPE\' => \'decimal(5,2)\'\n                                    },\n                                    \'deadline\',\n                                    {\n                                      \'TYPE\' => \'DATETIME\'\n                                    },\n                                    \'alias\',\n                                    {\n                                      \'TYPE\' => \'varchar(20)\'\n                                    }\n                                  ],\n                      \'INDEXES\' => [\n                                     \'bugs_alias_idx\',\n                                     {\n                                       \'FIELDS\' => [\n                                                     \'alias\'\n                                                   ],\n                                       \'TYPE\' => \'UNIQUE\'\n                                     },\n                                     \'bugs_assigned_to_idx\',\n                                     [\n                                       \'assigned_to\'\n                                     ],\n                                     \'bugs_creation_ts_idx\',\n                                     [\n                                       \'creation_ts\'\n                                     ],\n                                     \'bugs_delta_ts_idx\',\n                                     [\n                                       \'delta_ts\'\n                                     ],\n                                     \'bugs_bug_severity_idx\',\n                                     [\n                                       \'bug_severity\'\n                                     ],\n                                     \'bugs_bug_status_idx\',\n                                     [\n                                       \'bug_status\'\n                                     ],\n                                     \'bugs_op_sys_idx\',\n                                     [\n                                       \'op_sys\'\n                                     ],\n                                     \'bugs_priority_idx\',\n                                     [\n                                       \'priority\'\n                                     ],\n                                     \'bugs_product_id_idx\',\n                                     [\n                                       \'product_id\'\n                                     ],\n                                     \'bugs_reporter_idx\',\n                                     [\n                                       \'reporter\'\n                                     ],\n                                     \'bugs_version_idx\',\n                                     [\n                                       \'version\'\n                                     ],\n                                     \'bugs_component_id_idx\',\n                                     [\n                                       \'component_id\'\n                                     ],\n                                     \'bugs_resolution_idx\',\n                                     [\n                                       \'resolution\'\n                                     ],\n                                     \'bugs_target_milestone_idx\',\n                                     [\n                                       \'target_milestone\'\n                                     ],\n                                     \'bugs_qa_contact_idx\',\n                                     [\n                                       \'qa_contact\'\n                                     ],\n                                     \'bugs_votes_idx\',\n                                     [\n                                       \'votes\'\n                                     ]\n                                   ]\n                    },\n          \'bugs_activity\' => {\n                               \'FIELDS\' => [\n                                             \'bug_id\',\n                                             {\n                                               \'NOTNULL\' => 1,\n                                               \'TYPE\' => \'INT3\'\n                                             },\n                                             \'attach_id\',\n                                             {\n                                               \'TYPE\' => \'INT3\'\n                                             },\n                                             \'who\',\n                                             {\n                                               \'NOTNULL\' => 1,\n                                               \'TYPE\' => \'INT3\'\n                                             },\n                                             \'bug_when\',\n                                             {\n                                               \'NOTNULL\' => 1,\n                                               \'TYPE\' => \'DATETIME\'\n                                             },\n                                             \'fieldid\',\n                                             {\n                                               \'NOTNULL\' => 1,\n                                               \'TYPE\' => \'INT3\'\n                                             },\n                                             \'added\',\n                                             {\n                                               \'TYPE\' => \'TINYTEXT\'\n                                             },\n                                             \'removed\',\n                                             {\n                                               \'TYPE\' => \'TINYTEXT\'\n                                             }\n                                           ],\n                               \'INDEXES\' => [\n                                              \'bugs_activity_bug_id_idx\',\n                                              [\n                                                \'bug_id\'\n                                              ],\n                                              \'bugs_activity_who_idx\',\n                                              [\n                                                \'who\'\n                                              ],\n                                              \'bugs_activity_bug_when_idx\',\n                                              [\n                                                \'bug_when\'\n                                              ],\n                                              \'bugs_activity_fieldid_idx\',\n                                              [\n                                                \'fieldid\'\n                                              ]\n                                            ]\n                             },\n          \'bz_schema\' => {\n                           \'FIELDS\' => [\n                                         \'schema_data\',\n                                         {\n                                           \'NOTNULL\' => 1,\n                                           \'TYPE\' => \'LONGBLOB\'\n                                         },\n                                         \'version\',\n                                         {\n                                           \'NOTNULL\' => 1,\n                                           \'TYPE\' => \'decimal(3,2)\'\n                                         }\n                                       ]\n                         },\n          \'category_group_map\' => {\n                                    \'FIELDS\' => [\n                                                  \'category_id\',\n                                                  {\n                                                    \'NOTNULL\' => 1,\n                                                    \'TYPE\' => \'INT2\'\n                                                  },\n                                                  \'group_id\',\n                                                  {\n                                                    \'NOTNULL\' => 1,\n                                                    \'TYPE\' => \'INT3\'\n                                                  }\n                                                ],\n                                    \'INDEXES\' => [\n                                                   \'category_group_map_category_id_idx\',\n                                                   {\n                                                     \'FIELDS\' => [\n                                                                   \'category_id\',\n                                                                   \'group_id\'\n                                                                 ],\n                                                     \'TYPE\' => \'UNIQUE\'\n                                                   }\n                                                 ]\n                                  },\n          \'cc\' => {\n                    \'FIELDS\' => [\n                                  \'bug_id\',\n                                  {\n                                    \'NOTNULL\' => 1,\n                                    \'TYPE\' => \'INT3\'\n                                  },\n                                  \'who\',\n                                  {\n                                    \'NOTNULL\' => 1,\n                                    \'TYPE\' => \'INT3\'\n                                  }\n                                ],\n                    \'INDEXES\' => [\n                                   \'cc_bug_id_idx\',\n                                   {\n                                     \'FIELDS\' => [\n                                                   \'bug_id\',\n                                                   \'who\'\n                                                 ],\n                                     \'TYPE\' => \'UNIQUE\'\n                                   },\n                                   \'cc_who_idx\',\n                                   [\n                                     \'who\'\n                                   ]\n                                 ]\n                  },\n          \'classifications\' => {\n                                 \'FIELDS\' => [\n                                               \'id\',\n                                               {\n                                                 \'NOTNULL\' => 1,\n                                                 \'PRIMARYKEY\' => 1,\n                                                 \'TYPE\' => \'SMALLSERIAL\'\n                                               },\n                                               \'name\',\n                                               {\n                                                 \'NOTNULL\' => 1,\n                                                 \'TYPE\' => \'varchar(64)\'\n                                               },\n                                               \'description\',\n                                               {\n                                                 \'TYPE\' => \'MEDIUMTEXT\'\n                                               },\n                                               \'sortkey\',\n                                               {\n                                                 \'DEFAULT\' => \'0\',\n                                                 \'NOTNULL\' => 1,\n                                                 \'TYPE\' => \'INT2\'\n                                               }\n                                             ],\n                                 \'INDEXES\' => [\n                                                \'classifications_name_idx\',\n                                                {\n                                                  \'FIELDS\' => [\n                                                                \'name\'\n                                                              ],\n                                                  \'TYPE\' => \'UNIQUE\'\n                                                }\n                                              ]\n                               },\n          \'component_cc\' => {\n                              \'FIELDS\' => [\n                                            \'user_id\',\n                                            {\n                                              \'NOTNULL\' => 1,\n                                              \'TYPE\' => \'INT3\'\n                                            },\n                                            \'component_id\',\n                                            {\n                                              \'NOTNULL\' => 1,\n                                              \'TYPE\' => \'INT2\'\n                                            }\n                                          ],\n                              \'INDEXES\' => [\n                                             \'component_cc_user_id_idx\',\n                                             {\n                                               \'FIELDS\' => [\n                                                             \'component_id\',\n                                                             \'user_id\'\n                                                           ],\n                                               \'TYPE\' => \'UNIQUE\'\n                                             }\n                                           ]\n                            },\n          \'components\' => {\n                            \'FIELDS\' => [\n                                          \'id\',\n                                          {\n                                            \'NOTNULL\' => 1,\n                                            \'PRIMARYKEY\' => 1,\n                                            \'TYPE\' => \'SMALLSERIAL\'\n                                          },\n                                          \'name\',\n                                          {\n                                            \'NOTNULL\' => 1,\n                                            \'TYPE\' => \'varchar(64)\'\n                                          },\n                                          \'product_id\',\n                                          {\n                                            \'NOTNULL\' => 1,\n                                            \'TYPE\' => \'INT2\'\n                                          },\n                                          \'initialowner\',\n                                          {\n                                            \'NOTNULL\' => 1,\n                                            \'TYPE\' => \'INT3\'\n                                          },\n                                          \'initialqacontact\',\n                                          {\n                                            \'TYPE\' => \'INT3\'\n                                          },\n                                          \'description\',\n                                          {\n                                            \'NOTNULL\' => 1,\n                                            \'TYPE\' => \'MEDIUMTEXT\'\n                                          }\n                                        ],\n                            \'INDEXES\' => [\n                                           \'components_product_id_idx\',\n                                           {\n                                             \'FIELDS\' => [\n                                                           \'product_id\',\n                                                           \'name\'\n                                                         ],\n                                             \'TYPE\' => \'UNIQUE\'\n                                           },\n                                           \'components_name_idx\',\n                                           [\n                                             \'name\'\n                                           ]\n                                         ]\n                          },\n          \'dependencies\' => {\n                              \'FIELDS\' => [\n                                            \'blocked\',\n                                            {\n                                              \'NOTNULL\' => 1,\n                                              \'TYPE\' => \'INT3\'\n                                            },\n                                            \'dependson\',\n                                            {\n                                              \'NOTNULL\' => 1,\n                                              \'TYPE\' => \'INT3\'\n                                            }\n                                          ],\n                              \'INDEXES\' => [\n                                             \'dependencies_blocked_idx\',\n                                             [\n                                               \'blocked\'\n                                             ],\n                                             \'dependencies_dependson_idx\',\n                                             [\n                                               \'dependson\'\n                                             ]\n                                           ]\n                            },\n          \'duplicates\' => {\n                            \'FIELDS\' => [\n                                          \'dupe_of\',\n                                          {\n                                            \'NOTNULL\' => 1,\n                                            \'TYPE\' => \'INT3\'\n                                          },\n                                          \'dupe\',\n                                          {\n                                            \'NOTNULL\' => 1,\n                                            \'PRIMARYKEY\' => 1,\n                                            \'TYPE\' => \'INT3\'\n                                          }\n                                        ]\n                          },\n          \'email_setting\' => {\n                               \'FIELDS\' => [\n                                             \'user_id\',\n                                             {\n                                               \'NOTNULL\' => 1,\n                                               \'TYPE\' => \'INT3\'\n                                             },\n                                             \'relationship\',\n                                             {\n                                               \'NOTNULL\' => 1,\n                                               \'TYPE\' => \'INT1\'\n                                             },\n                                             \'event\',\n                                             {\n                                               \'NOTNULL\' => 1,\n                                               \'TYPE\' => \'INT1\'\n                                             }\n                                           ],\n                               \'INDEXES\' => [\n                                              \'email_setting_user_id_idx\',\n                                              {\n                                                \'FIELDS\' => [\n                                                              \'user_id\',\n                                                              \'relationship\',\n                                                              \'event\'\n                                                            ],\n                                                \'TYPE\' => \'UNIQUE\'\n                                              }\n                                            ]\n                             },\n          \'fielddefs\' => {\n                           \'FIELDS\' => [\n                                         \'id\',\n                                         {\n                                           \'NOTNULL\' => 1,\n                                           \'PRIMARYKEY\' => 1,\n                                           \'TYPE\' => \'MEDIUMSERIAL\'\n                                         },\n                                         \'name\',\n                                         {\n                                           \'NOTNULL\' => 1,\n                                           \'TYPE\' => \'varchar(64)\'\n                                         },\n                                         \'type\',\n                                         {\n                                           \'DEFAULT\' => 0,\n                                           \'NOTNULL\' => 1,\n                                           \'TYPE\' => \'INT2\'\n                                         },\n                                         \'custom\',\n                                         {\n                                           \'DEFAULT\' => \'FALSE\',\n                                           \'NOTNULL\' => 1,\n                                           \'TYPE\' => \'BOOLEAN\'\n                                         },\n                                         \'description\',\n                                         {\n                                           \'NOTNULL\' => 1,\n                                           \'TYPE\' => \'MEDIUMTEXT\'\n                                         },\n                                         \'mailhead\',\n                                         {\n                                           \'DEFAULT\' => \'FALSE\',\n                                           \'NOTNULL\' => 1,\n                                           \'TYPE\' => \'BOOLEAN\'\n                                         },\n                                         \'sortkey\',\n                                         {\n                                           \'NOTNULL\' => 1,\n                                           \'TYPE\' => \'INT2\'\n                                         },\n                                         \'obsolete\',\n                                         {\n                                           \'DEFAULT\' => \'FALSE\',\n                                           \'NOTNULL\' => 1,\n                                           \'TYPE\' => \'BOOLEAN\'\n                                         },\n                                         \'enter_bug\',\n                                         {\n                                           \'DEFAULT\' => \'FALSE\',\n                                           \'NOTNULL\' => 1,\n                                           \'TYPE\' => \'BOOLEAN\'\n                                         }\n                                       ],\n                           \'INDEXES\' => [\n                                          \'fielddefs_name_idx\',\n                                          {\n                                            \'FIELDS\' => [\n                                                          \'name\'\n                                                        ],\n                                            \'TYPE\' => \'UNIQUE\'\n                                          },\n                                          \'fielddefs_sortkey_idx\',\n                                          [\n                                            \'sortkey\'\n                                          ]\n                                        ]\n                         },\n          \'flagexclusions\' => {\n                                \'FIELDS\' => [\n                                              \'type_id\',\n                                              {\n                                                \'NOTNULL\' => 1,\n                                                \'TYPE\' => \'INT2\'\n                                              },\n                                              \'product_id\',\n                                              {\n                                                \'TYPE\' => \'INT2\'\n                                              },\n                                              \'component_id\',\n                                              {\n                                                \'TYPE\' => \'INT2\'\n                                              }\n                                            ],\n                                \'INDEXES\' => [\n                                               \'flagexclusions_type_id_idx\',\n                                               [\n                                                 \'type_id\',\n                                                 \'product_id\',\n                                                 \'component_id\'\n                                               ]\n                                             ]\n                              },\n          \'flaginclusions\' => {\n                                \'FIELDS\' => [\n                                              \'type_id\',\n                                              {\n                                                \'NOTNULL\' => 1,\n                                                \'TYPE\' => \'INT2\'\n                                              },\n                                              \'product_id\',\n                                              {\n                                                \'TYPE\' => \'INT2\'\n                                              },\n                                              \'component_id\',\n                                              {\n                                                \'TYPE\' => \'INT2\'\n                                              }\n                                            ],\n                                \'INDEXES\' => [\n                                               \'flaginclusions_type_id_idx\',\n                                               [\n                                                 \'type_id\',\n                                                 \'product_id\',\n                                                 \'component_id\'\n                                               ]\n                                             ]\n                              },\n          \'flags\' => {\n                       \'FIELDS\' => [\n                                     \'id\',\n                                     {\n                                       \'NOTNULL\' => 1,\n                                       \'PRIMARYKEY\' => 1,\n                                       \'TYPE\' => \'MEDIUMSERIAL\'\n                                     },\n                                     \'type_id\',\n                                     {\n                                       \'NOTNULL\' => 1,\n                                       \'TYPE\' => \'INT2\'\n                                     },\n                                     \'status\',\n                                     {\n                                       \'NOTNULL\' => 1,\n                                       \'TYPE\' => \'char(1)\'\n                                     },\n                                     \'bug_id\',\n                                     {\n                                       \'NOTNULL\' => 1,\n                                       \'TYPE\' => \'INT3\'\n                                     },\n                                     \'attach_id\',\n                                     {\n                                       \'TYPE\' => \'INT3\'\n                                     },\n                                     \'creation_date\',\n                                     {\n                                       \'NOTNULL\' => 1,\n                                       \'TYPE\' => \'DATETIME\'\n                                     },\n                                     \'modification_date\',\n                                     {\n                                       \'TYPE\' => \'DATETIME\'\n                                     },\n                                     \'setter_id\',\n                                     {\n                                       \'TYPE\' => \'INT3\'\n                                     },\n                                     \'requestee_id\',\n                                     {\n                                       \'TYPE\' => \'INT3\'\n                                     }\n                                   ],\n                       \'INDEXES\' => [\n                                      \'flags_bug_id_idx\',\n                                      [\n                                        \'bug_id\',\n                                        \'attach_id\'\n                                      ],\n                                      \'flags_setter_id_idx\',\n                                      [\n                                        \'setter_id\'\n                                      ],\n                                      \'flags_requestee_id_idx\',\n                                      [\n                                        \'requestee_id\'\n                                      ],\n                                      \'flags_type_id_idx\',\n                                      [\n                                        \'type_id\'\n                                      ]\n                                    ]\n                     },\n          \'flagtypes\' => {\n                           \'FIELDS\' => [\n                                         \'id\',\n                                         {\n                                           \'NOTNULL\' => 1,\n                                           \'PRIMARYKEY\' => 1,\n                                           \'TYPE\' => \'SMALLSERIAL\'\n                                         },\n                                         \'name\',\n                                         {\n                                           \'NOTNULL\' => 1,\n                                           \'TYPE\' => \'varchar(50)\'\n                                         },\n                                         \'description\',\n                                         {\n                                           \'TYPE\' => \'TEXT\'\n                                         },\n                                         \'cc_list\',\n                                         {\n                                           \'TYPE\' => \'varchar(200)\'\n                                         },\n                                         \'target_type\',\n                                         {\n                                           \'DEFAULT\' => \'\\\'b\\\'\',\n                                           \'NOTNULL\' => 1,\n                                           \'TYPE\' => \'char(1)\'\n                                         },\n                                         \'is_active\',\n                                         {\n                                           \'DEFAULT\' => \'TRUE\',\n                                           \'NOTNULL\' => 1,\n                                           \'TYPE\' => \'BOOLEAN\'\n                                         },\n                                         \'is_requestable\',\n                                         {\n                                           \'DEFAULT\' => \'FALSE\',\n                                           \'NOTNULL\' => 1,\n                                           \'TYPE\' => \'BOOLEAN\'\n                                         },\n                                         \'is_requesteeble\',\n                                         {\n                                           \'DEFAULT\' => \'FALSE\',\n                                           \'NOTNULL\' => 1,\n                                           \'TYPE\' => \'BOOLEAN\'\n                                         },\n                                         \'is_multiplicable\',\n                                         {\n                                           \'DEFAULT\' => \'FALSE\',\n                                           \'NOTNULL\' => 1,\n                                           \'TYPE\' => \'BOOLEAN\'\n                                         },\n                                         \'sortkey\',\n                                         {\n                                           \'DEFAULT\' => \'0\',\n                                           \'NOTNULL\' => 1,\n                                           \'TYPE\' => \'INT2\'\n                                         },\n                                         \'grant_group_id\',\n                                         {\n                                           \'TYPE\' => \'INT3\'\n                                         },\n                                         \'request_group_id\',\n                                         {\n                                           \'TYPE\' => \'INT3\'\n                                         }\n                                       ]\n                         },\n          \'group_control_map\' => {\n                                   \'FIELDS\' => [\n                                                 \'group_id\',\n                                                 {\n                                                   \'NOTNULL\' => 1,\n                                                   \'TYPE\' => \'INT3\'\n                                                 },\n                                                 \'product_id\',\n                                                 {\n                                                   \'NOTNULL\' => 1,\n                                                   \'TYPE\' => \'INT3\'\n                                                 },\n                                                 \'entry\',\n                                                 {\n                                                   \'NOTNULL\' => 1,\n                                                   \'TYPE\' => \'BOOLEAN\'\n                                                 },\n                                                 \'membercontrol\',\n                                                 {\n                                                   \'NOTNULL\' => 1,\n                                                   \'TYPE\' => \'BOOLEAN\'\n                                                 },\n                                                 \'othercontrol\',\n                                                 {\n                                                   \'NOTNULL\' => 1,\n                                                   \'TYPE\' => \'BOOLEAN\'\n                                                 },\n                                                 \'canedit\',\n                                                 {\n                                                   \'NOTNULL\' => 1,\n                                                   \'TYPE\' => \'BOOLEAN\'\n                                                 },\n                                                 \'editcomponents\',\n                                                 {\n                                                   \'DEFAULT\' => \'FALSE\',\n                                                   \'NOTNULL\' => 1,\n                                                   \'TYPE\' => \'BOOLEAN\'\n                                                 },\n                                                 \'editbugs\',\n                                                 {\n                                                   \'DEFAULT\' => \'FALSE\',\n                                                   \'NOTNULL\' => 1,\n                                                   \'TYPE\' => \'BOOLEAN\'\n                                                 },\n                                                 \'canconfirm\',\n                                                 {\n                                                   \'DEFAULT\' => \'FALSE\',\n                                                   \'NOTNULL\' => 1,\n                                                   \'TYPE\' => \'BOOLEAN\'\n                                                 }\n                                               ],\n                                   \'INDEXES\' => [\n                                                  \'group_control_map_product_id_idx\',\n                                                  {\n                                                    \'FIELDS\' => [\n                                                                  \'product_id\',\n                                                                  \'group_id\'\n                                                                ],\n                                                    \'TYPE\' => \'UNIQUE\'\n                                                  },\n                                                  \'group_control_map_group_id_idx\',\n                                                  [\n                                                    \'group_id\'\n                                                  ]\n                                                ]\n                                 },\n          \'group_group_map\' => {\n                                 \'FIELDS\' => [\n                                               \'member_id\',\n                                               {\n                                                 \'NOTNULL\' => 1,\n                                                 \'TYPE\' => \'INT3\'\n                                               },\n                                               \'grantor_id\',\n                                               {\n                                                 \'NOTNULL\' => 1,\n                                                 \'TYPE\' => \'INT3\'\n                                               },\n                                               \'grant_type\',\n                                               {\n                                                 \'DEFAULT\' => \'0\',\n                                                 \'NOTNULL\' => 1,\n                                                 \'TYPE\' => \'INT1\'\n                                               }\n                                             ],\n                                 \'INDEXES\' => [\n                                                \'group_group_map_member_id_idx\',\n                                                {\n                                                  \'FIELDS\' => [\n                                                                \'member_id\',\n                                                                \'grantor_id\',\n                                                                \'grant_type\'\n                                                              ],\n                                                  \'TYPE\' => \'UNIQUE\'\n                                                }\n                                              ]\n                               },\n          \'groups\' => {\n                        \'FIELDS\' => [\n                                      \'id\',\n                                      {\n                                        \'NOTNULL\' => 1,\n                                        \'PRIMARYKEY\' => 1,\n                                        \'TYPE\' => \'MEDIUMSERIAL\'\n                                      },\n                                      \'name\',\n                                      {\n                                        \'NOTNULL\' => 1,\n                                        \'TYPE\' => \'varchar(255)\'\n                                      },\n                                      \'description\',\n                                      {\n                                        \'NOTNULL\' => 1,\n                                        \'TYPE\' => \'TEXT\'\n                                      },\n                                      \'isbuggroup\',\n                                      {\n                                        \'NOTNULL\' => 1,\n                                        \'TYPE\' => \'BOOLEAN\'\n                                      },\n                                      \'userregexp\',\n                                      {\n                                        \'DEFAULT\' => \'\\\'\\\'\',\n                                        \'NOTNULL\' => 1,\n                                        \'TYPE\' => \'TINYTEXT\'\n                                      },\n                                      \'isactive\',\n                                      {\n                                        \'DEFAULT\' => \'TRUE\',\n                                        \'NOTNULL\' => 1,\n                                        \'TYPE\' => \'BOOLEAN\'\n                                      }\n                                    ],\n                        \'INDEXES\' => [\n                                       \'groups_name_idx\',\n                                       {\n                                         \'FIELDS\' => [\n                                                       \'name\'\n                                                     ],\n                                         \'TYPE\' => \'UNIQUE\'\n                                       }\n                                     ]\n                      },\n          \'keyworddefs\' => {\n                             \'FIELDS\' => [\n                                           \'id\',\n                                           {\n                                             \'NOTNULL\' => 1,\n                                             \'PRIMARYKEY\' => 1,\n                                             \'TYPE\' => \'SMALLSERIAL\'\n                                           },\n                                           \'name\',\n                                           {\n                                             \'NOTNULL\' => 1,\n                                             \'TYPE\' => \'varchar(64)\'\n                                           },\n                                           \'description\',\n                                           {\n                                             \'TYPE\' => \'MEDIUMTEXT\'\n                                           }\n                                         ],\n                             \'INDEXES\' => [\n                                            \'keyworddefs_name_idx\',\n                                            {\n                                              \'FIELDS\' => [\n                                                            \'name\'\n                                                          ],\n                                              \'TYPE\' => \'UNIQUE\'\n                                            }\n                                          ]\n                           },\n          \'keywords\' => {\n                          \'FIELDS\' => [\n                                        \'bug_id\',\n                                        {\n                                          \'NOTNULL\' => 1,\n                                          \'TYPE\' => \'INT3\'\n                                        },\n                                        \'keywordid\',\n                                        {\n                                          \'NOTNULL\' => 1,\n                                          \'TYPE\' => \'INT2\'\n                                        }\n                                      ],\n                          \'INDEXES\' => [\n                                         \'keywords_bug_id_idx\',\n                                         {\n                                           \'FIELDS\' => [\n                                                         \'bug_id\',\n                                                         \'keywordid\'\n                                                       ],\n                                           \'TYPE\' => \'UNIQUE\'\n                                         },\n                                         \'keywords_keywordid_idx\',\n                                         [\n                                           \'keywordid\'\n                                         ]\n                                       ]\n                        },\n          \'logincookies\' => {\n                              \'FIELDS\' => [\n                                            \'cookie\',\n                                            {\n                                              \'NOTNULL\' => 1,\n                                              \'PRIMARYKEY\' => 1,\n                                              \'TYPE\' => \'varchar(16)\'\n                                            },\n                                            \'userid\',\n                                            {\n                                              \'NOTNULL\' => 1,\n                                              \'TYPE\' => \'INT3\'\n                                            },\n                                            \'ipaddr\',\n                                            {\n                                              \'NOTNULL\' => 1,\n                                              \'TYPE\' => \'varchar(40)\'\n                                            },\n                                            \'lastused\',\n                                            {\n                                              \'NOTNULL\' => 1,\n                                              \'TYPE\' => \'DATETIME\'\n                                            }\n                                          ],\n                              \'INDEXES\' => [\n                                             \'logincookies_lastused_idx\',\n                                             [\n                                               \'lastused\'\n                                             ]\n                                           ]\n                            },\n          \'longdescs\' => {\n                           \'FIELDS\' => [\n                                         \'comment_id\',\n                                         {\n                                           \'NOTNULL\' => 1,\n                                           \'PRIMARYKEY\' => 1,\n                                           \'TYPE\' => \'MEDIUMSERIAL\'\n                                         },\n                                         \'bug_id\',\n                                         {\n                                           \'NOTNULL\' => 1,\n                                           \'TYPE\' => \'INT3\'\n                                         },\n                                         \'who\',\n                                         {\n                                           \'NOTNULL\' => 1,\n                                           \'TYPE\' => \'INT3\'\n                                         },\n                                         \'bug_when\',\n                                         {\n                                           \'NOTNULL\' => 1,\n                                           \'TYPE\' => \'DATETIME\'\n                                         },\n                                         \'work_time\',\n                                         {\n                                           \'DEFAULT\' => \'0\',\n                                           \'NOTNULL\' => 1,\n                                           \'TYPE\' => \'decimal(5,2)\'\n                                         },\n                                         \'thetext\',\n                                         {\n                                           \'NOTNULL\' => 1,\n                                           \'TYPE\' => \'MEDIUMTEXT\'\n                                         },\n                                         \'isprivate\',\n                                         {\n                                           \'DEFAULT\' => \'FALSE\',\n                                           \'NOTNULL\' => 1,\n                                           \'TYPE\' => \'BOOLEAN\'\n                                         },\n                                         \'already_wrapped\',\n                                         {\n                                           \'DEFAULT\' => \'FALSE\',\n                                           \'NOTNULL\' => 1,\n                                           \'TYPE\' => \'BOOLEAN\'\n                                         },\n                                         \'type\',\n                                         {\n                                           \'DEFAULT\' => \'0\',\n                                           \'NOTNULL\' => 1,\n                                           \'TYPE\' => \'INT2\'\n                                         },\n                                         \'extra_data\',\n                                         {\n                                           \'TYPE\' => \'varchar(255)\'\n                                         }\n                                       ],\n                           \'INDEXES\' => [\n                                          \'longdescs_bug_id_idx\',\n                                          [\n                                            \'bug_id\'\n                                          ],\n                                          \'longdescs_who_idx\',\n                                          [\n                                            \'who\',\n                                            \'bug_id\'\n                                          ],\n                                          \'longdescs_bug_when_idx\',\n                                          [\n                                            \'bug_when\'\n                                          ],\n                                          \'longdescs_thetext_idx\',\n                                          {\n                                            \'FIELDS\' => [\n                                                          \'thetext\'\n                                                        ],\n                                            \'TYPE\' => \'FULLTEXT\'\n                                          }\n                                        ]\n                         },\n          \'milestones\' => {\n                            \'FIELDS\' => [\n                                          \'id\',\n                                          {\n                                            \'NOTNULL\' => 1,\n                                            \'PRIMARYKEY\' => 1,\n                                            \'TYPE\' => \'MEDIUMSERIAL\'\n                                          },\n                                          \'product_id\',\n                                          {\n                                            \'NOTNULL\' => 1,\n                                            \'TYPE\' => \'INT2\'\n                                          },\n                                          \'value\',\n                                          {\n                                            \'NOTNULL\' => 1,\n                                            \'TYPE\' => \'varchar(20)\'\n                                          },\n                                          \'sortkey\',\n                                          {\n                                            \'DEFAULT\' => 0,\n                                            \'NOTNULL\' => 1,\n                                            \'TYPE\' => \'INT2\'\n                                          }\n                                        ],\n                            \'INDEXES\' => [\n                                           \'milestones_product_id_idx\',\n                                           {\n                                             \'FIELDS\' => [\n                                                           \'product_id\',\n                                                           \'value\'\n                                                         ],\n                                             \'TYPE\' => \'UNIQUE\'\n                                           }\n                                         ]\n                          },\n          \'namedqueries\' => {\n                              \'FIELDS\' => [\n                                            \'id\',\n                                            {\n                                              \'NOTNULL\' => 1,\n                                              \'PRIMARYKEY\' => 1,\n                                              \'TYPE\' => \'MEDIUMSERIAL\'\n                                            },\n                                            \'userid\',\n                                            {\n                                              \'NOTNULL\' => 1,\n                                              \'TYPE\' => \'INT3\'\n                                            },\n                                            \'name\',\n                                            {\n                                              \'NOTNULL\' => 1,\n                                              \'TYPE\' => \'varchar(64)\'\n                                            },\n                                            \'query\',\n                                            {\n                                              \'NOTNULL\' => 1,\n                                              \'TYPE\' => \'MEDIUMTEXT\'\n                                            },\n                                            \'query_type\',\n                                            {\n                                              \'NOTNULL\' => 1,\n                                              \'TYPE\' => \'BOOLEAN\'\n                                            }\n                                          ],\n                              \'INDEXES\' => [\n                                             \'namedqueries_userid_idx\',\n                                             {\n                                               \'FIELDS\' => [\n                                                             \'userid\',\n                                                             \'name\'\n                                                           ],\n                                               \'TYPE\' => \'UNIQUE\'\n                                             }\n                                           ]\n                            },\n          \'namedqueries_link_in_footer\' => {\n                                             \'FIELDS\' => [\n                                                           \'namedquery_id\',\n                                                           {\n                                                             \'NOTNULL\' => 1,\n                                                             \'TYPE\' => \'INT3\'\n                                                           },\n                                                           \'user_id\',\n                                                           {\n                                                             \'NOTNULL\' => 1,\n                                                             \'TYPE\' => \'INT3\'\n                                                           }\n                                                         ],\n                                             \'INDEXES\' => [\n                                                            \'namedqueries_link_in_footer_id_idx\',\n                                                            {\n                                                              \'FIELDS\' => [\n                                                                            \'namedquery_id\',\n                                                                            \'user_id\'\n                                                                          ],\n                                                              \'TYPE\' => \'UNIQUE\'\n                                                            },\n                                                            \'namedqueries_link_in_footer_userid_idx\',\n                                                            [\n                                                              \'user_id\'\n                                                            ]\n                                                          ]\n                                           },\n          \'namedquery_group_map\' => {\n                                      \'FIELDS\' => [\n                                                    \'namedquery_id\',\n                                                    {\n                                                      \'NOTNULL\' => 1,\n                                                      \'TYPE\' => \'INT3\'\n                                                    },\n                                                    \'group_id\',\n                                                    {\n                                                      \'NOTNULL\' => 1,\n                                                      \'TYPE\' => \'INT3\'\n                                                    }\n                                                  ],\n                                      \'INDEXES\' => [\n                                                     \'namedquery_group_map_namedquery_id_idx\',\n                                                     {\n                                                       \'FIELDS\' => [\n                                                                     \'namedquery_id\'\n                                                                   ],\n                                                       \'TYPE\' => \'UNIQUE\'\n                                                     },\n                                                     \'namedquery_group_map_group_id_idx\',\n                                                     [\n                                                       \'group_id\'\n                                                     ]\n                                                   ]\n                                    },\n          \'op_sys\' => {\n                        \'FIELDS\' => [\n                                      \'id\',\n                                      {\n                                        \'NOTNULL\' => 1,\n                                        \'PRIMARYKEY\' => 1,\n                                        \'TYPE\' => \'SMALLSERIAL\'\n                                      },\n                                      \'value\',\n                                      {\n                                        \'NOTNULL\' => 1,\n                                        \'TYPE\' => \'varchar(64)\'\n                                      },\n                                      \'sortkey\',\n                                      {\n                                        \'DEFAULT\' => 0,\n                                        \'NOTNULL\' => 1,\n                                        \'TYPE\' => \'INT2\'\n                                      },\n                                      \'isactive\',\n                                      {\n                                        \'DEFAULT\' => \'TRUE\',\n                                        \'NOTNULL\' => 1,\n                                        \'TYPE\' => \'BOOLEAN\'\n                                      }\n                                    ],\n                        \'INDEXES\' => [\n                                       \'op_sys_value_idx\',\n                                       {\n                                         \'FIELDS\' => [\n                                                       \'value\'\n                                                     ],\n                                         \'TYPE\' => \'UNIQUE\'\n                                       },\n                                       \'op_sys_sortkey_idx\',\n                                       [\n                                         \'sortkey\',\n                                         \'value\'\n                                       ]\n                                     ]\n                      },\n          \'priority\' => {\n                          \'FIELDS\' => [\n                                        \'id\',\n                                        {\n                                          \'NOTNULL\' => 1,\n                                          \'PRIMARYKEY\' => 1,\n                                          \'TYPE\' => \'SMALLSERIAL\'\n                                        },\n                                        \'value\',\n                                        {\n                                          \'NOTNULL\' => 1,\n                                          \'TYPE\' => \'varchar(64)\'\n                                        },\n                                        \'sortkey\',\n                                        {\n                                          \'DEFAULT\' => 0,\n                                          \'NOTNULL\' => 1,\n                                          \'TYPE\' => \'INT2\'\n                                        },\n                                        \'isactive\',\n                                        {\n                                          \'DEFAULT\' => \'TRUE\',\n                                          \'NOTNULL\' => 1,\n                                          \'TYPE\' => \'BOOLEAN\'\n                                        }\n                                      ],\n                          \'INDEXES\' => [\n                                         \'priority_value_idx\',\n                                         {\n                                           \'FIELDS\' => [\n                                                         \'value\'\n                                                       ],\n                                           \'TYPE\' => \'UNIQUE\'\n                                         },\n                                         \'priority_sortkey_idx\',\n                                         [\n                                           \'sortkey\',\n                                           \'value\'\n                                         ]\n                                       ]\n                        },\n          \'products\' => {\n                          \'FIELDS\' => [\n                                        \'id\',\n                                        {\n                                          \'NOTNULL\' => 1,\n                                          \'PRIMARYKEY\' => 1,\n                                          \'TYPE\' => \'SMALLSERIAL\'\n                                        },\n                                        \'name\',\n                                        {\n                                          \'NOTNULL\' => 1,\n                                          \'TYPE\' => \'varchar(64)\'\n                                        },\n                                        \'classification_id\',\n                                        {\n                                          \'DEFAULT\' => \'1\',\n                                          \'NOTNULL\' => 1,\n                                          \'TYPE\' => \'INT2\'\n                                        },\n                                        \'description\',\n                                        {\n                                          \'TYPE\' => \'MEDIUMTEXT\'\n                                        },\n                                        \'milestoneurl\',\n                                        {\n                                          \'DEFAULT\' => \'\\\'\\\'\',\n                                          \'NOTNULL\' => 1,\n                                          \'TYPE\' => \'TINYTEXT\'\n                                        },\n                                        \'disallownew\',\n                                        {\n                                          \'DEFAULT\' => 0,\n                                          \'NOTNULL\' => 1,\n                                          \'TYPE\' => \'BOOLEAN\'\n                                        },\n                                        \'votesperuser\',\n                                        {\n                                          \'DEFAULT\' => 0,\n                                          \'NOTNULL\' => 1,\n                                          \'TYPE\' => \'INT2\'\n                                        },\n                                        \'maxvotesperbug\',\n                                        {\n                                          \'DEFAULT\' => \'10000\',\n                                          \'NOTNULL\' => 1,\n                                          \'TYPE\' => \'INT2\'\n                                        },\n                                        \'votestoconfirm\',\n                                        {\n                                          \'DEFAULT\' => 0,\n                                          \'NOTNULL\' => 1,\n                                          \'TYPE\' => \'INT2\'\n                                        },\n                                        \'defaultmilestone\',\n                                        {\n                                          \'DEFAULT\' => \'\\\'---\\\'\',\n                                          \'NOTNULL\' => 1,\n                                          \'TYPE\' => \'varchar(20)\'\n                                        }\n                                      ],\n                          \'INDEXES\' => [\n                                         \'products_name_idx\',\n                                         {\n                                           \'FIELDS\' => [\n                                                         \'name\'\n                                                       ],\n                                           \'TYPE\' => \'UNIQUE\'\n                                         }\n                                       ]\n                        },\n          \'profile_setting\' => {\n                                 \'FIELDS\' => [\n                                               \'user_id\',\n                                               {\n                                                 \'NOTNULL\' => 1,\n                                                 \'TYPE\' => \'INT3\'\n                                               },\n                                               \'setting_name\',\n                                               {\n                                                 \'NOTNULL\' => 1,\n                                                 \'TYPE\' => \'varchar(32)\'\n                                               },\n                                               \'setting_value\',\n                                               {\n                                                 \'NOTNULL\' => 1,\n                                                 \'TYPE\' => \'varchar(32)\'\n                                               }\n                                             ],\n                                 \'INDEXES\' => [\n                                                \'profile_setting_value_unique_idx\',\n                                                {\n                                                  \'FIELDS\' => [\n                                                                \'user_id\',\n                                                                \'setting_name\'\n                                                              ],\n                                                  \'TYPE\' => \'UNIQUE\'\n                                                }\n                                              ]\n                               },\n          \'profiles\' => {\n                          \'FIELDS\' => [\n                                        \'userid\',\n                                        {\n                                          \'NOTNULL\' => 1,\n                                          \'PRIMARYKEY\' => 1,\n                                          \'TYPE\' => \'MEDIUMSERIAL\'\n                                        },\n                                        \'login_name\',\n                                        {\n                                          \'NOTNULL\' => 1,\n                                          \'TYPE\' => \'varchar(255)\'\n                                        },\n                                        \'cryptpassword\',\n                                        {\n                                          \'TYPE\' => \'varchar(128)\'\n                                        },\n                                        \'realname\',\n                                        {\n                                          \'DEFAULT\' => \'\\\'\\\'\',\n                                          \'NOTNULL\' => 1,\n                                          \'TYPE\' => \'varchar(255)\'\n                                        },\n                                        \'disabledtext\',\n                                        {\n                                          \'DEFAULT\' => \'\\\'\\\'\',\n                                          \'NOTNULL\' => 1,\n                                          \'TYPE\' => \'MEDIUMTEXT\'\n                                        },\n                                        \'disable_mail\',\n                                        {\n                                          \'DEFAULT\' => \'FALSE\',\n                                          \'NOTNULL\' => 1,\n                                          \'TYPE\' => \'BOOLEAN\'\n                                        },\n                                        \'mybugslink\',\n                                        {\n                                          \'DEFAULT\' => \'TRUE\',\n                                          \'NOTNULL\' => 1,\n                                          \'TYPE\' => \'BOOLEAN\'\n                                        },\n                                        \'extern_id\',\n                                        {\n                                          \'TYPE\' => \'varchar(64)\'\n                                        }\n                                      ],\n                          \'INDEXES\' => [\n                                         \'profiles_login_name_idx\',\n                                         {\n                                           \'FIELDS\' => [\n                                                         \'login_name\'\n                                                       ],\n                                           \'TYPE\' => \'UNIQUE\'\n                                         }\n                                       ]\n                        },\n          \'profiles_activity\' => {\n                                   \'FIELDS\' => [\n                                                 \'userid\',\n                                                 {\n                                                   \'NOTNULL\' => 1,\n                                                   \'TYPE\' => \'INT3\'\n                                                 },\n                                                 \'who\',\n                                                 {\n                                                   \'NOTNULL\' => 1,\n                                                   \'TYPE\' => \'INT3\'\n                                                 },\n                                                 \'profiles_when\',\n                                                 {\n                                                   \'NOTNULL\' => 1,\n                                                   \'TYPE\' => \'DATETIME\'\n                                                 },\n                                                 \'fieldid\',\n                                                 {\n                                                   \'NOTNULL\' => 1,\n                                                   \'TYPE\' => \'INT3\'\n                                                 },\n                                                 \'oldvalue\',\n                                                 {\n                                                   \'TYPE\' => \'TINYTEXT\'\n                                                 },\n                                                 \'newvalue\',\n                                                 {\n                                                   \'TYPE\' => \'TINYTEXT\'\n                                                 }\n                                               ],\n                                   \'INDEXES\' => [\n                                                  \'profiles_activity_userid_idx\',\n                                                  [\n                                                    \'userid\'\n                                                  ],\n                                                  \'profiles_activity_profiles_when_idx\',\n                                                  [\n                                                    \'profiles_when\'\n                                                  ],\n                                                  \'profiles_activity_fieldid_idx\',\n                                                  [\n                                                    \'fieldid\'\n                                                  ]\n                                                ]\n                                 },\n          \'quips\' => {\n                       \'FIELDS\' => [\n                                     \'quipid\',\n                                     {\n                                       \'NOTNULL\' => 1,\n                                       \'PRIMARYKEY\' => 1,\n                                       \'TYPE\' => \'MEDIUMSERIAL\'\n                                     },\n                                     \'userid\',\n                                     {\n                                       \'TYPE\' => \'INT3\'\n                                     },\n                                     \'quip\',\n                                     {\n                                       \'NOTNULL\' => 1,\n                                       \'TYPE\' => \'TEXT\'\n                                     },\n                                     \'approved\',\n                                     {\n                                       \'DEFAULT\' => \'TRUE\',\n                                       \'NOTNULL\' => 1,\n                                       \'TYPE\' => \'BOOLEAN\'\n                                     }\n                                   ]\n                     },\n          \'rep_platform\' => {\n                              \'FIELDS\' => [\n                                            \'id\',\n                                            {\n                                              \'NOTNULL\' => 1,\n                                              \'PRIMARYKEY\' => 1,\n                                              \'TYPE\' => \'SMALLSERIAL\'\n                                            },\n                                            \'value\',\n                                            {\n                                              \'NOTNULL\' => 1,\n                                              \'TYPE\' => \'varchar(64)\'\n                                            },\n                                            \'sortkey\',\n                                            {\n                                              \'DEFAULT\' => 0,\n                                              \'NOTNULL\' => 1,\n                                              \'TYPE\' => \'INT2\'\n                                            },\n                                            \'isactive\',\n                                            {\n                                              \'DEFAULT\' => \'TRUE\',\n                                              \'NOTNULL\' => 1,\n                                              \'TYPE\' => \'BOOLEAN\'\n                                            }\n                                          ],\n                              \'INDEXES\' => [\n                                             \'rep_platform_value_idx\',\n                                             {\n                                               \'FIELDS\' => [\n                                                             \'value\'\n                                                           ],\n                                               \'TYPE\' => \'UNIQUE\'\n                                             },\n                                             \'rep_platform_sortkey_idx\',\n                                             [\n                                               \'sortkey\',\n                                               \'value\'\n                                             ]\n                                           ]\n                            },\n          \'resolution\' => {\n                            \'FIELDS\' => [\n                                          \'id\',\n                                          {\n                                            \'NOTNULL\' => 1,\n                                            \'PRIMARYKEY\' => 1,\n                                            \'TYPE\' => \'SMALLSERIAL\'\n                                          },\n                                          \'value\',\n                                          {\n                                            \'NOTNULL\' => 1,\n                                            \'TYPE\' => \'varchar(64)\'\n                                          },\n                                          \'sortkey\',\n                                          {\n                                            \'DEFAULT\' => 0,\n                                            \'NOTNULL\' => 1,\n                                            \'TYPE\' => \'INT2\'\n                                          },\n                                          \'isactive\',\n                                          {\n                                            \'DEFAULT\' => \'TRUE\',\n                                            \'NOTNULL\' => 1,\n                                            \'TYPE\' => \'BOOLEAN\'\n                                          }\n                                        ],\n                            \'INDEXES\' => [\n                                           \'resolution_value_idx\',\n                                           {\n                                             \'FIELDS\' => [\n                                                           \'value\'\n                                                         ],\n                                             \'TYPE\' => \'UNIQUE\'\n                                           },\n                                           \'resolution_sortkey_idx\',\n                                           [\n                                             \'sortkey\',\n                                             \'value\'\n                                           ]\n                                         ]\n                          },\n          \'series\' => {\n                        \'FIELDS\' => [\n                                      \'series_id\',\n                                      {\n                                        \'NOTNULL\' => 1,\n                                        \'PRIMARYKEY\' => 1,\n                                        \'TYPE\' => \'MEDIUMSERIAL\'\n                                      },\n                                      \'creator\',\n                                      {\n                                        \'TYPE\' => \'INT3\'\n                                      },\n                                      \'category\',\n                                      {\n                                        \'NOTNULL\' => 1,\n                                        \'TYPE\' => \'INT2\'\n                                      },\n                                      \'subcategory\',\n                                      {\n                                        \'NOTNULL\' => 1,\n                                        \'TYPE\' => \'INT2\'\n                                      },\n                                      \'name\',\n                                      {\n                                        \'NOTNULL\' => 1,\n                                        \'TYPE\' => \'varchar(64)\'\n                                      },\n                                      \'frequency\',\n                                      {\n                                        \'NOTNULL\' => 1,\n                                        \'TYPE\' => \'INT2\'\n                                      },\n                                      \'last_viewed\',\n                                      {\n                                        \'TYPE\' => \'DATETIME\'\n                                      },\n                                      \'query\',\n                                      {\n                                        \'NOTNULL\' => 1,\n                                        \'TYPE\' => \'MEDIUMTEXT\'\n                                      },\n                                      \'is_public\',\n                                      {\n                                        \'DEFAULT\' => \'FALSE\',\n                                        \'NOTNULL\' => 1,\n                                        \'TYPE\' => \'BOOLEAN\'\n                                      }\n                                    ],\n                        \'INDEXES\' => [\n                                       \'series_creator_idx\',\n                                       {\n                                         \'FIELDS\' => [\n                                                       \'creator\',\n                                                       \'category\',\n                                                       \'subcategory\',\n                                                       \'name\'\n                                                     ],\n                                         \'TYPE\' => \'UNIQUE\'\n                                       }\n                                     ]\n                      },\n          \'series_categories\' => {\n                                   \'FIELDS\' => [\n                                                 \'id\',\n                                                 {\n                                                   \'NOTNULL\' => 1,\n                                                   \'PRIMARYKEY\' => 1,\n                                                   \'TYPE\' => \'SMALLSERIAL\'\n                                                 },\n                                                 \'name\',\n                                                 {\n                                                   \'NOTNULL\' => 1,\n                                                   \'TYPE\' => \'varchar(64)\'\n                                                 }\n                                               ],\n                                   \'INDEXES\' => [\n                                                  \'series_categories_name_idx\',\n                                                  {\n                                                    \'FIELDS\' => [\n                                                                  \'name\'\n                                                                ],\n                                                    \'TYPE\' => \'UNIQUE\'\n                                                  }\n                                                ]\n                                 },\n          \'series_data\' => {\n                             \'FIELDS\' => [\n                                           \'series_id\',\n                                           {\n                                             \'NOTNULL\' => 1,\n                                             \'TYPE\' => \'INT3\'\n                                           },\n                                           \'series_date\',\n                                           {\n                                             \'NOTNULL\' => 1,\n                                             \'TYPE\' => \'DATETIME\'\n                                           },\n                                           \'series_value\',\n                                           {\n                                             \'NOTNULL\' => 1,\n                                             \'TYPE\' => \'INT3\'\n                                           }\n                                         ],\n                             \'INDEXES\' => [\n                                            \'series_data_series_id_idx\',\n                                            {\n                                              \'FIELDS\' => [\n                                                            \'series_id\',\n                                                            \'series_date\'\n                                                          ],\n                                              \'TYPE\' => \'UNIQUE\'\n                                            }\n                                          ]\n                           },\n          \'setting\' => {\n                         \'FIELDS\' => [\n                                       \'name\',\n                                       {\n                                         \'NOTNULL\' => 1,\n                                         \'PRIMARYKEY\' => 1,\n                                         \'TYPE\' => \'varchar(32)\'\n                                       },\n                                       \'default_value\',\n                                       {\n                                         \'NOTNULL\' => 1,\n                                         \'TYPE\' => \'varchar(32)\'\n                                       },\n                                       \'is_enabled\',\n                                       {\n                                         \'DEFAULT\' => \'TRUE\',\n                                         \'NOTNULL\' => 1,\n                                         \'TYPE\' => \'BOOLEAN\'\n                                       },\n                                       \'subclass\',\n                                       {\n                                         \'TYPE\' => \'varchar(32)\'\n                                       }\n                                     ]\n                       },\n          \'setting_value\' => {\n                               \'FIELDS\' => [\n                                             \'name\',\n                                             {\n                                               \'NOTNULL\' => 1,\n                                               \'TYPE\' => \'varchar(32)\'\n                                             },\n                                             \'value\',\n                                             {\n                                               \'NOTNULL\' => 1,\n                                               \'TYPE\' => \'varchar(32)\'\n                                             },\n                                             \'sortindex\',\n                                             {\n                                               \'NOTNULL\' => 1,\n                                               \'TYPE\' => \'INT2\'\n                                             }\n                                           ],\n                               \'INDEXES\' => [\n                                              \'setting_value_nv_unique_idx\',\n                                              {\n                                                \'FIELDS\' => [\n                                                              \'name\',\n                                                              \'value\'\n                                                            ],\n                                                \'TYPE\' => \'UNIQUE\'\n                                              },\n                                              \'setting_value_ns_unique_idx\',\n                                              {\n                                                \'FIELDS\' => [\n                                                              \'name\',\n                                                              \'sortindex\'\n                                                            ],\n                                                \'TYPE\' => \'UNIQUE\'\n                                              }\n                                            ]\n                             },\n          \'test_attachment_data\' => {\n                                      \'FIELDS\' => [\n                                                    \'attachment_id\',\n                                                    {\n                                                      \'NOTNULL\' => 1,\n                                                      \'TYPE\' => \'INT4\',\n                                                      \'UNSIGNED\' => 1\n                                                    },\n                                                    \'contents\',\n                                                    {\n                                                      \'TYPE\' => \'LONGBLOB\'\n                                                    }\n                                                  ],\n                                      \'INDEXES\' => [\n                                                     \'test_attachment_data_primary_idx\',\n                                                     [\n                                                       \'attachment_id\'\n                                                     ]\n                                                   ]\n                                    },\n          \'test_attachments\' => {\n                                  \'FIELDS\' => [\n                                                \'attachment_id\',\n                                                {\n                                                  \'NOTNULL\' => 1,\n                                                  \'PRIMARYKEY\' => 1,\n                                                  \'TYPE\' => \'INTSERIAL\'\n                                                },\n                                                \'submitter_id\',\n                                                {\n                                                  \'NOTNULL\' => 1,\n                                                  \'TYPE\' => \'INT3\'\n                                                },\n                                                \'description\',\n                                                {\n                                                  \'TYPE\' => \'MEDIUMTEXT\'\n                                                },\n                                                \'filename\',\n                                                {\n                                                  \'TYPE\' => \'MEDIUMTEXT\'\n                                                },\n                                                \'creation_ts\',\n                                                {\n                                                  \'NOTNULL\' => 1,\n                                                  \'TYPE\' => \'DATETIME\'\n                                                },\n                                                \'mime_type\',\n                                                {\n                                                  \'NOTNULL\' => 1,\n                                                  \'TYPE\' => \'varchar(100)\'\n                                                }\n                                              ],\n                                  \'INDEXES\' => [\n                                                 \'test_attachments_submitter_idx\',\n                                                 [\n                                                   \'submitter_id\'\n                                                 ]\n                                               ]\n                                },\n          \'test_builds\' => {\n                             \'FIELDS\' => [\n                                           \'build_id\',\n                                           {\n                                             \'NOTNULL\' => 1,\n                                             \'PRIMARYKEY\' => 1,\n                                             \'TYPE\' => \'INTSERIAL\'\n                                           },\n                                           \'product_id\',\n                                           {\n                                             \'NOTNULL\' => 1,\n                                             \'TYPE\' => \'INT2\'\n                                           },\n                                           \'milestone\',\n                                           {\n                                             \'TYPE\' => \'varchar(20)\'\n                                           },\n                                           \'name\',\n                                           {\n                                             \'TYPE\' => \'varchar(255)\'\n                                           },\n                                           \'description\',\n                                           {\n                                             \'TYPE\' => \'TEXT\'\n                                           },\n                                           \'isactive\',\n                                           {\n                                             \'DEFAULT\' => \'1\',\n                                             \'NOTNULL\' => 1,\n                                             \'TYPE\' => \'BOOLEAN\'\n                                           }\n                                         ],\n                             \'INDEXES\' => [\n                                            \'build_name_idx\',\n                                            [\n                                              \'name\'\n                                            ],\n                                            \'build_milestone_idx\',\n                                            [\n                                              \'milestone\'\n                                            ],\n                                            \'build_product_id_name_idx\',\n                                            {\n                                              \'FIELDS\' => [\n                                                            \'product_id\',\n                                                            \'name\'\n                                                          ],\n                                              \'TYPE\' => \'UNIQUE\'\n                                            },\n                                            \'build_prod_idx\',\n                                            {\n                                              \'FIELDS\' => [\n                                                            \'build_id\',\n                                                            \'product_id\'\n                                                          ],\n                                              \'TYPE\' => \'UNIQUE\'\n                                            }\n                                          ]\n                           },\n          \'test_case_activity\' => {\n                                    \'FIELDS\' => [\n                                                  \'case_id\',\n                                                  {\n                                                    \'NOTNULL\' => 1,\n                                                    \'TYPE\' => \'INT4\',\n                                                    \'UNSIGNED\' => 1\n                                                  },\n                                                  \'fieldid\',\n                                                  {\n                                                    \'NOTNULL\' => 1,\n                                                    \'TYPE\' => \'INT2\',\n                                                    \'UNSIGNED\' => 1\n                                                  },\n                                                  \'who\',\n                                                  {\n                                                    \'NOTNULL\' => 1,\n                                                    \'TYPE\' => \'INT3\'\n                                                  },\n                                                  \'changed\',\n                                                  {\n                                                    \'NOTNULL\' => 1,\n                                                    \'TYPE\' => \'DATETIME\'\n                                                  },\n                                                  \'oldvalue\',\n                                                  {\n                                                    \'TYPE\' => \'MEDIUMTEXT\'\n                                                  },\n                                                  \'newvalue\',\n                                                  {\n                                                    \'TYPE\' => \'MEDIUMTEXT\'\n                                                  }\n                                                ],\n                                    \'INDEXES\' => [\n                                                   \'case_activity_case_id_idx\',\n                                                   [\n                                                     \'case_id\'\n                                                   ],\n                                                   \'case_activity_who_idx\',\n                                                   [\n                                                     \'who\'\n                                                   ],\n                                                   \'case_activity_when_idx\',\n                                                   [\n                                                     \'changed\'\n                                                   ],\n                                                   \'case_activity_field_idx\',\n                                                   [\n                                                     \'fieldid\'\n                                                   ]\n                                                 ]\n                                  },\n          \'test_case_attachments\' => {\n                                       \'FIELDS\' => [\n                                                     \'attachment_id\',\n                                                     {\n                                                       \'NOTNULL\' => 1,\n                                                       \'TYPE\' => \'INT4\'\n                                                     },\n                                                     \'case_id\',\n                                                     {\n                                                       \'NOTNULL\' => 1,\n                                                       \'TYPE\' => \'INT4\',\n                                                       \'UNSIGNED\' => 1\n                                                     },\n                                                     \'case_run_id\',\n                                                     {\n                                                       \'TYPE\' => \'INT4\',\n                                                       \'UNSIGNED\' => 1\n                                                     }\n                                                   ],\n                                       \'INDEXES\' => [\n                                                      \'test_case_attachments_primary_idx\',\n                                                      [\n                                                        \'attachment_id\'\n                                                      ],\n                                                      \'attachment_case_id_idx\',\n                                                      [\n                                                        \'case_id\'\n                                                      ],\n                                                      \'attachment_caserun_id_idx\',\n                                                      [\n                                                        \'case_run_id\'\n                                                      ]\n                                                    ]\n                                     },\n          \'test_case_bugs\' => {\n                                \'FIELDS\' => [\n                                              \'bug_id\',\n                                              {\n                                                \'NOTNULL\' => 1,\n                                                \'TYPE\' => \'INT3\'\n                                              },\n                                              \'case_run_id\',\n                                              {\n                                                \'TYPE\' => \'INT4\',\n                                                \'UNSIGNED\' => 1\n                                              },\n                                              \'case_id\',\n                                              {\n                                                \'NOTNULL\' => 1,\n                                                \'TYPE\' => \'INT4\',\n                                                \'UNSIGNED\' => 1\n                                              }\n                                            ],\n                                \'INDEXES\' => [\n                                               \'case_bugs_bug_id_idx\',\n                                               [\n                                                 \'bug_id\'\n                                               ],\n                                               \'case_bugs_case_id_idx\',\n                                               [\n                                                 \'case_id\'\n                                               ],\n                                               \'case_bugs_case_run_id_idx\',\n                                               [\n                                                 \'case_run_id\'\n                                               ]\n                                             ]\n                              },\n          \'test_case_categories\' => {\n                                      \'FIELDS\' => [\n                                                    \'category_id\',\n                                                    {\n                                                      \'NOTNULL\' => 1,\n                                                      \'PRIMARYKEY\' => 1,\n                                                      \'TYPE\' => \'SMALLSERIAL\'\n                                                    },\n                                                    \'product_id\',\n                                                    {\n                                                      \'NOTNULL\' => 1,\n                                                      \'TYPE\' => \'INT2\'\n                                                    },\n                                                    \'name\',\n                                                    {\n                                                      \'NOTNULL\' => 1,\n                                                      \'TYPE\' => \'varchar(240)\'\n                                                    },\n                                                    \'description\',\n                                                    {\n                                                      \'TYPE\' => \'MEDIUMTEXT\'\n                                                    }\n                                                  ],\n                                      \'INDEXES\' => [\n                                                     \'category_product_id_name_idx\',\n                                                     {\n                                                       \'FIELDS\' => [\n                                                                     \'product_id\',\n                                                                     \'name\'\n                                                                   ],\n                                                       \'TYPE\' => \'UNIQUE\'\n                                                     },\n                                                     \'category_product_idx\',\n                                                     {\n                                                       \'FIELDS\' => [\n                                                                     \'category_id\',\n                                                                     \'product_id\'\n                                                                   ],\n                                                       \'TYPE\' => \'UNIQUE\'\n                                                     },\n                                                     \'category_name_idx_v2\',\n                                                     [\n                                                       \'name\'\n                                                     ]\n                                                   ]\n                                    },\n          \'test_case_components\' => {\n                                      \'FIELDS\' => [\n                                                    \'case_id\',\n                                                    {\n                                                      \'NOTNULL\' => 1,\n                                                      \'TYPE\' => \'INT4\',\n                                                      \'UNSIGNED\' => 1\n                                                    },\n                                                    \'component_id\',\n                                                    {\n                                                      \'NOTNULL\' => 1,\n                                                      \'TYPE\' => \'INT2\'\n                                                    }\n                                                  ],\n                                      \'INDEXES\' => [\n                                                     \'components_case_id_idx\',\n                                                     {\n                                                       \'FIELDS\' => [\n                                                                     \'case_id\',\n                                                                     \'component_id\'\n                                                                   ],\n                                                       \'TYPE\' => \'UNIQUE\'\n                                                     },\n                                                     \'components_component_id_idx\',\n                                                     [\n                                                       \'component_id\'\n                                                     ]\n                                                   ]\n                                    },\n          \'test_case_dependencies\' => {\n                                        \'FIELDS\' => [\n                                                      \'dependson\',\n                                                      {\n                                                        \'NOTNULL\' => 1,\n                                                        \'TYPE\' => \'INT4\',\n                                                        \'UNSIGNED\' => 1\n                                                      },\n                                                      \'blocked\',\n                                                      {\n                                                        \'NOTNULL\' => 1,\n                                                        \'TYPE\' => \'INT4\',\n                                                        \'UNSIGNED\' => 1\n                                                      }\n                                                    ],\n                                        \'INDEXES\' => [\n                                                       \'case_dependencies_primary_idx\',\n                                                       {\n                                                         \'FIELDS\' => [\n                                                                       \'dependson\',\n                                                                       \'blocked\'\n                                                                     ],\n                                                         \'TYPE\' => \'UNIQUE\'\n                                                       },\n                                                       \'case_dependencies_blocked_idx\',\n                                                       [\n                                                         \'blocked\'\n                                                       ]\n                                                     ]\n                                      },\n          \'test_case_plans\' => {\n                                 \'FIELDS\' => [\n                                               \'plan_id\',\n                                               {\n                                                 \'NOTNULL\' => 1,\n                                                 \'TYPE\' => \'INT4\',\n                                                 \'UNSIGNED\' => 1\n                                               },\n                                               \'case_id\',\n                                               {\n                                                 \'NOTNULL\' => 1,\n                                                 \'TYPE\' => \'INT4\',\n                                                 \'UNSIGNED\' => 1\n                                               }\n                                             ],\n                                 \'INDEXES\' => [\n                                                \'test_case_plans_primary_idx\',\n                                                {\n                                                  \'FIELDS\' => [\n                                                                \'plan_id\',\n                                                                \'case_id\'\n                                                              ],\n                                                  \'TYPE\' => \'UNIQUE\'\n                                                },\n                                                \'test_case_plans_case_idx\',\n                                                [\n                                                  \'case_id\'\n                                                ]\n                                              ]\n                               },\n          \'test_case_run_status\' => {\n                                      \'FIELDS\' => [\n                                                    \'case_run_status_id\',\n                                                    {\n                                                      \'NOTNULL\' => 1,\n                                                      \'PRIMARYKEY\' => 1,\n                                                      \'TYPE\' => \'SMALLSERIAL\'\n                                                    },\n                                                    \'name\',\n                                                    {\n                                                      \'TYPE\' => \'varchar(20)\'\n                                                    },\n                                                    \'sortkey\',\n                                                    {\n                                                      \'TYPE\' => \'INT4\'\n                                                    },\n                                                    \'description\',\n                                                    {\n                                                      \'TYPE\' => \'TEXT\'\n                                                    }\n                                                  ]\n                                    },\n          \'test_case_runs\' => {\n                                \'FIELDS\' => [\n                                              \'case_run_id\',\n                                              {\n                                                \'NOTNULL\' => 1,\n                                                \'PRIMARYKEY\' => 1,\n                                                \'TYPE\' => \'INTSERIAL\'\n                                              },\n                                              \'run_id\',\n                                              {\n                                                \'NOTNULL\' => 1,\n                                                \'TYPE\' => \'INT4\',\n                                                \'UNSIGNED\' => 1\n                                              },\n                                              \'case_id\',\n                                              {\n                                                \'NOTNULL\' => 1,\n                                                \'TYPE\' => \'INT4\',\n                                                \'UNSIGNED\' => 1\n                                              },\n                                              \'assignee\',\n                                              {\n                                                \'TYPE\' => \'INT3\'\n                                              },\n                                              \'testedby\',\n                                              {\n                                                \'TYPE\' => \'INT3\'\n                                              },\n                                              \'case_run_status_id\',\n                                              {\n                                                \'NOTNULL\' => 1,\n                                                \'TYPE\' => \'INT1\',\n                                                \'UNSIGNED\' => 1\n                                              },\n                                              \'case_text_version\',\n                                              {\n                                                \'NOTNULL\' => 1,\n                                                \'TYPE\' => \'INT3\'\n                                              },\n                                              \'build_id\',\n                                              {\n                                                \'NOTNULL\' => 1,\n                                                \'TYPE\' => \'INT4\',\n                                                \'UNSIGNED\' => 1\n                                              },\n                                              \'running_date\',\n                                              {\n                                                \'TYPE\' => \'DATETIME\'\n                                              },\n                                              \'close_date\',\n                                              {\n                                                \'TYPE\' => \'DATETIME\'\n                                              },\n                                              \'notes\',\n                                              {\n                                                \'TYPE\' => \'TEXT\'\n                                              },\n                                              \'iscurrent\',\n                                              {\n                                                \'DEFAULT\' => \'0\',\n                                                \'NOTNULL\' => 1,\n                                                \'TYPE\' => \'BOOLEAN\'\n                                              },\n                                              \'sortkey\',\n                                              {\n                                                \'TYPE\' => \'INT4\'\n                                              },\n                                              \'environment_id\',\n                                              {\n                                                \'NOTNULL\' => 1,\n                                                \'TYPE\' => \'INT4\',\n                                                \'UNSIGNED\' => 1\n                                              }\n                                            ],\n                                \'INDEXES\' => [\n                                               \'case_run_case_id_idx\',\n                                               [\n                                                 \'case_id\'\n                                               ],\n                                               \'case_run_assignee_idx\',\n                                               [\n                                                 \'assignee\'\n                                               ],\n                                               \'case_run_testedby_idx\',\n                                               [\n                                                 \'testedby\'\n                                               ],\n                                               \'case_run_close_date_idx\',\n                                               [\n                                                 \'close_date\'\n                                               ],\n                                               \'case_run_build_env_idx\',\n                                               {\n                                                 \'FIELDS\' => [\n                                                               \'run_id\',\n                                                               \'case_id\',\n                                                               \'build_id\',\n                                                               \'environment_id\'\n                                                             ],\n                                                 \'TYPE\' => \'UNIQUE\'\n                                               },\n                                               \'case_run_status_idx\',\n                                               [\n                                                 \'case_run_status_id\'\n                                               ],\n                                               \'case_run_text_ver_idx\',\n                                               [\n                                                 \'case_text_version\'\n                                               ],\n                                               \'case_run_build_idx_v2\',\n                                               [\n                                                 \'build_id\'\n                                               ],\n                                               \'case_run_env_idx_v2\',\n                                               [\n                                                 \'environment_id\'\n                                               ]\n                                             ]\n                              },\n          \'test_case_status\' => {\n                                  \'FIELDS\' => [\n                                                \'case_status_id\',\n                                                {\n                                                  \'NOTNULL\' => 1,\n                                                  \'PRIMARYKEY\' => 1,\n                                                  \'TYPE\' => \'SMALLSERIAL\'\n                                                },\n                                                \'name\',\n                                                {\n                                                  \'NOTNULL\' => 1,\n                                                  \'TYPE\' => \'varchar(255)\'\n                                                },\n                                                \'description\',\n                                                {\n                                                  \'TYPE\' => \'TEXT\'\n                                                }\n                                              ]\n                                },\n          \'test_case_tags\' => {\n                                \'FIELDS\' => [\n                                              \'tag_id\',\n                                              {\n                                                \'NOTNULL\' => 1,\n                                                \'TYPE\' => \'INT4\',\n                                                \'UNSIGNED\' => 1\n                                              },\n                                              \'case_id\',\n                                              {\n                                                \'NOTNULL\' => 1,\n                                                \'TYPE\' => \'INT4\',\n                                                \'UNSIGNED\' => 1\n                                              },\n                                              \'userid\',\n                                              {\n                                                \'NOTNULL\' => 1,\n                                                \'TYPE\' => \'INT3\'\n                                              }\n                                            ],\n                                \'INDEXES\' => [\n                                               \'case_tags_primary_idx\',\n                                               {\n                                                 \'FIELDS\' => [\n                                                               \'tag_id\',\n                                                               \'case_id\',\n                                                               \'userid\'\n                                                             ],\n                                                 \'TYPE\' => \'UNIQUE\'\n                                               },\n                                               \'case_tags_secondary_idx\',\n                                               {\n                                                 \'FIELDS\' => [\n                                                               \'tag_id\',\n                                                               \'case_id\'\n                                                             ],\n                                                 \'TYPE\' => \'UNIQUE\'\n                                               },\n                                               \'case_tags_case_id_idx_v3\',\n                                               [\n                                                 \'case_id\'\n                                               ],\n                                               \'case_tags_userid_idx\',\n                                               [\n                                                 \'userid\'\n                                               ]\n                                             ]\n                              },\n          \'test_case_texts\' => {\n                                 \'FIELDS\' => [\n                                               \'case_id\',\n                                               {\n                                                 \'NOTNULL\' => 1,\n                                                 \'TYPE\' => \'INT4\',\n                                                 \'UNSIGNED\' => 1\n                                               },\n                                               \'case_text_version\',\n                                               {\n                                                 \'NOTNULL\' => 1,\n                                                 \'TYPE\' => \'INT3\'\n                                               },\n                                               \'who\',\n                                               {\n                                                 \'NOTNULL\' => 1,\n                                                 \'TYPE\' => \'INT3\'\n                                               },\n                                               \'creation_ts\',\n                                               {\n                                                 \'NOTNULL\' => 1,\n                                                 \'TYPE\' => \'DATETIME\'\n                                               },\n                                               \'action\',\n                                               {\n                                                 \'TYPE\' => \'MEDIUMTEXT\'\n                                               },\n                                               \'effect\',\n                                               {\n                                                 \'TYPE\' => \'MEDIUMTEXT\'\n                                               },\n                                               \'setup\',\n                                               {\n                                                 \'TYPE\' => \'MEDIUMTEXT\'\n                                               },\n                                               \'breakdown\',\n                                               {\n                                                 \'TYPE\' => \'MEDIUMTEXT\'\n                                               }\n                                             ],\n                                 \'INDEXES\' => [\n                                                \'case_versions_idx\',\n                                                {\n                                                  \'FIELDS\' => [\n                                                                \'case_id\',\n                                                                \'case_text_version\'\n                                                              ],\n                                                  \'TYPE\' => \'UNIQUE\'\n                                                },\n                                                \'case_versions_who_idx\',\n                                                [\n                                                  \'who\'\n                                                ],\n                                                \'case_versions_creation_ts_idx\',\n                                                [\n                                                  \'creation_ts\'\n                                                ]\n                                              ]\n                               },\n          \'test_cases\' => {\n                            \'FIELDS\' => [\n                                          \'case_id\',\n                                          {\n                                            \'NOTNULL\' => 1,\n                                            \'PRIMARYKEY\' => 1,\n                                            \'TYPE\' => \'INTSERIAL\'\n                                          },\n                                          \'case_status_id\',\n                                          {\n                                            \'NOTNULL\' => 1,\n                                            \'TYPE\' => \'INT1\'\n                                          },\n                                          \'category_id\',\n                                          {\n                                            \'NOTNULL\' => 1,\n                                            \'TYPE\' => \'INT2\',\n                                            \'UNSIGNED\' => 1\n                                          },\n                                          \'priority_id\',\n                                          {\n                                            \'TYPE\' => \'INT2\'\n                                          },\n                                          \'author_id\',\n                                          {\n                                            \'NOTNULL\' => 1,\n                                            \'TYPE\' => \'INT3\'\n                                          },\n                                          \'default_tester_id\',\n                                          {\n                                            \'TYPE\' => \'INT3\'\n                                          },\n                                          \'creation_date\',\n                                          {\n                                            \'NOTNULL\' => 1,\n                                            \'TYPE\' => \'DATETIME\'\n                                          },\n                                          \'estimated_time\',\n                                          {\n                                            \'TYPE\' => \'TIME\'\n                                          },\n                                          \'isautomated\',\n                                          {\n                                            \'DEFAULT\' => \'0\',\n                                            \'NOTNULL\' => 1,\n                                            \'TYPE\' => \'BOOLEAN\'\n                                          },\n                                          \'sortkey\',\n                                          {\n                                            \'TYPE\' => \'INT4\'\n                                          },\n                                          \'script\',\n                                          {\n                                            \'TYPE\' => \'MEDIUMTEXT\'\n                                          },\n                                          \'arguments\',\n                                          {\n                                            \'TYPE\' => \'MEDIUMTEXT\'\n                                          },\n                                          \'summary\',\n                                          {\n                                            \'TYPE\' => \'varchar(255)\'\n                                          },\n                                          \'requirement\',\n                                          {\n                                            \'TYPE\' => \'varchar(255)\'\n                                          },\n                                          \'alias\',\n                                          {\n                                            \'TYPE\' => \'varchar(255)\'\n                                          }\n                                        ],\n                            \'INDEXES\' => [\n                                           \'test_case_category_idx\',\n                                           [\n                                             \'category_id\'\n                                           ],\n                                           \'test_case_author_idx\',\n                                           [\n                                             \'author_id\'\n                                           ],\n                                           \'test_case_creation_date_idx\',\n                                           [\n                                             \'creation_date\'\n                                           ],\n                                           \'test_case_sortkey_idx\',\n                                           [\n                                             \'sortkey\'\n                                           ],\n                                           \'test_case_shortname_idx\',\n                                           [\n                                             \'alias\'\n                                           ],\n                                           \'test_case_requirement_idx\',\n                                           [\n                                             \'requirement\'\n                                           ],\n                                           \'test_case_status_idx\',\n                                           [\n                                             \'case_status_id\'\n                                           ],\n                                           \'test_case_tester_idx\',\n                                           [\n                                             \'default_tester_id\'\n                                           ]\n                                         ]\n                          },\n          \'test_email_settings\' => {\n                                     \'FIELDS\' => [\n                                                   \'userid\',\n                                                   {\n                                                     \'NOTNULL\' => 1,\n                                                     \'TYPE\' => \'INT3\'\n                                                   },\n                                                   \'eventid\',\n                                                   {\n                                                     \'NOTNULL\' => 1,\n                                                     \'TYPE\' => \'INT1\',\n                                                     \'UNSIGNED\' => 1\n                                                   },\n                                                   \'relationship_id\',\n                                                   {\n                                                     \'NOTNULL\' => 1,\n                                                     \'TYPE\' => \'INT1\',\n                                                     \'UNSIGNED\' => 1\n                                                   }\n                                                 ],\n                                     \'INDEXES\' => [\n                                                    \'test_email_setting_user_id_idx\',\n                                                    {\n                                                      \'FIELDS\' => [\n                                                                    \'userid\',\n                                                                    \'relationship_id\',\n                                                                    \'eventid\'\n                                                                  ],\n                                                      \'TYPE\' => \'UNIQUE\'\n                                                    }\n                                                  ]\n                                   },\n          \'test_environment_category\' => {\n                                           \'FIELDS\' => [\n                                                         \'env_category_id\',\n                                                         {\n                                                           \'NOTNULL\' => 1,\n                                                           \'PRIMARYKEY\' => 1,\n                                                           \'TYPE\' => \'INTSERIAL\'\n                                                         },\n                                                         \'product_id\',\n                                                         {\n                                                           \'NOTNULL\' => 1,\n                                                           \'TYPE\' => \'INT2\'\n                                                         },\n                                                         \'name\',\n                                                         {\n                                                           \'TYPE\' => \'varchar(255)\'\n                                                         }\n                                                       ],\n                                           \'INDEXES\' => [\n                                                          \'test_environment_category_key1\',\n                                                          {\n                                                            \'FIELDS\' => [\n                                                                          \'env_category_id\',\n                                                                          \'product_id\'\n                                                                        ],\n                                                            \'TYPE\' => \'UNIQUE\'\n                                                          },\n                                                          \'test_environment_category_key2\',\n                                                          {\n                                                            \'FIELDS\' => [\n                                                                          \'product_id\',\n                                                                          \'name\'\n                                                                        ],\n                                                            \'TYPE\' => \'UNIQUE\'\n                                                          }\n                                                        ]\n                                         },\n          \'test_environment_element\' => {\n                                          \'FIELDS\' => [\n                                                        \'element_id\',\n                                                        {\n                                                          \'NOTNULL\' => 1,\n                                                          \'PRIMARYKEY\' => 1,\n                                                          \'TYPE\' => \'INTSERIAL\'\n                                                        },\n                                                        \'env_category_id\',\n                                                        {\n                                                          \'NOTNULL\' => 1,\n                                                          \'TYPE\' => \'INT4\',\n                                                          \'UNSIGNED\' => 1\n                                                        },\n                                                        \'name\',\n                                                        {\n                                                          \'TYPE\' => \'varchar(255)\'\n                                                        },\n                                                        \'parent_id\',\n                                                        {\n                                                          \'TYPE\' => \'INT4\',\n                                                          \'UNSIGNED\' => 1\n                                                        },\n                                                        \'isprivate\',\n                                                        {\n                                                          \'DEFAULT\' => 0,\n                                                          \'NOTNULL\' => 1,\n                                                          \'TYPE\' => \'BOOLEAN\'\n                                                        }\n                                                      ],\n                                          \'INDEXES\' => [\n                                                         \'test_environment_element_key1\',\n                                                         {\n                                                           \'FIELDS\' => [\n                                                                         \'element_id\',\n                                                                         \'env_category_id\'\n                                                                       ],\n                                                           \'TYPE\' => \'UNIQUE\'\n                                                         },\n                                                         \'test_environment_element_key2\',\n                                                         {\n                                                           \'FIELDS\' => [\n                                                                         \'env_category_id\',\n                                                                         \'name\'\n                                                                       ],\n                                                           \'TYPE\' => \'UNIQUE\'\n                                                         }\n                                                       ]\n                                        },\n          \'test_environment_map\' => {\n                                      \'FIELDS\' => [\n                                                    \'environment_id\',\n                                                    {\n                                                      \'NOTNULL\' => 1,\n                                                      \'TYPE\' => \'INT4\',\n                                                      \'UNSIGNED\' => 1\n                                                    },\n                                                    \'property_id\',\n                                                    {\n                                                      \'NOTNULL\' => 1,\n                                                      \'TYPE\' => \'INT4\',\n                                                      \'UNSIGNED\' => 1\n                                                    },\n                                                    \'element_id\',\n                                                    {\n                                                      \'NOTNULL\' => 1,\n                                                      \'TYPE\' => \'INT4\',\n                                                      \'UNSIGNED\' => 1\n                                                    },\n                                                    \'value_selected\',\n                                                    {\n                                                      \'TYPE\' => \'TINYTEXT\'\n                                                    }\n                                                  ],\n                                      \'INDEXES\' => [\n                                                     \'env_map_env_element_idx\',\n                                                     [\n                                                       \'environment_id\',\n                                                       \'element_id\'\n                                                     ],\n                                                     \'env_map_property_idx\',\n                                                     [\n                                                       \'environment_id\',\n                                                       \'property_id\'\n                                                     ],\n                                                     \'test_environment_map_key3\',\n                                                     {\n                                                       \'FIELDS\' => [\n                                                                     \'environment_id\',\n                                                                     \'element_id\',\n                                                                     \'property_id\'\n                                                                   ],\n                                                       \'TYPE\' => \'UNIQUE\'\n                                                     }\n                                                   ]\n                                    },\n          \'test_environment_property\' => {\n                                           \'FIELDS\' => [\n                                                         \'property_id\',\n                                                         {\n                                                           \'NOTNULL\' => 1,\n                                                           \'PRIMARYKEY\' => 1,\n                                                           \'TYPE\' => \'INTSERIAL\'\n                                                         },\n                                                         \'element_id\',\n                                                         {\n                                                           \'NOTNULL\' => 1,\n                                                           \'TYPE\' => \'INT4\',\n                                                           \'UNSIGNED\' => 1\n                                                         },\n                                                         \'name\',\n                                                         {\n                                                           \'TYPE\' => \'varchar(255)\'\n                                                         },\n                                                         \'validexp\',\n                                                         {\n                                                           \'TYPE\' => \'TEXT\'\n                                                         }\n                                                       ],\n                                           \'INDEXES\' => [\n                                                          \'test_environment_property_key1\',\n                                                          {\n                                                            \'FIELDS\' => [\n                                                                          \'property_id\',\n                                                                          \'element_id\'\n                                                                        ],\n                                                            \'TYPE\' => \'UNIQUE\'\n                                                          },\n                                                          \'test_environment_property_key2\',\n                                                          {\n                                                            \'FIELDS\' => [\n                                                                          \'element_id\',\n                                                                          \'name\'\n                                                                        ],\n                                                            \'TYPE\' => \'UNIQUE\'\n                                                          }\n                                                        ]\n                                         },\n          \'test_environments\' => {\n                                   \'FIELDS\' => [\n                                                 \'environment_id\',\n                                                 {\n                                                   \'NOTNULL\' => 1,\n                                                   \'PRIMARYKEY\' => 1,\n                                                   \'TYPE\' => \'INTSERIAL\'\n                                                 },\n                                                 \'product_id\',\n                                                 {\n                                                   \'NOTNULL\' => 1,\n                                                   \'TYPE\' => \'INT2\'\n                                                 },\n                                                 \'name\',\n                                                 {\n                                                   \'TYPE\' => \'varchar(255)\'\n                                                 },\n                                                 \'isactive\',\n                                                 {\n                                                   \'DEFAULT\' => \'1\',\n                                                   \'NOTNULL\' => 1,\n                                                   \'TYPE\' => \'BOOLEAN\'\n                                                 }\n                                               ],\n                                   \'INDEXES\' => [\n                                                  \'test_environments_key1\',\n                                                  {\n                                                    \'FIELDS\' => [\n                                                                  \'environment_id\',\n                                                                  \'product_id\'\n                                                                ],\n                                                    \'TYPE\' => \'UNIQUE\'\n                                                  },\n                                                  \'test_environments_key2\',\n                                                  {\n                                                    \'FIELDS\' => [\n                                                                  \'product_id\',\n                                                                  \'name\'\n                                                                ],\n                                                    \'TYPE\' => \'UNIQUE\'\n                                                  },\n                                                  \'environment_name_idx_v2\',\n                                                  [\n                                                    \'name\'\n                                                  ]\n                                                ]\n                                 },\n          \'test_events\' => {\n                             \'FIELDS\' => [\n                                           \'eventid\',\n                                           {\n                                             \'NOTNULL\' => 1,\n                                             \'PRIMARYKEY\' => 1,\n                                             \'TYPE\' => \'INT1\',\n                                             \'UNSIGNED\' => 1\n                                           },\n                                           \'name\',\n                                           {\n                                             \'TYPE\' => \'varchar(50)\'\n                                           }\n                                         ],\n                             \'INDEXES\' => [\n                                            \'test_event_name_idx\',\n                                            [\n                                              \'name\'\n                                            ]\n                                          ]\n                           },\n          \'test_fielddefs\' => {\n                                \'FIELDS\' => [\n                                              \'fieldid\',\n                                              {\n                                                \'NOTNULL\' => 1,\n                                                \'PRIMARYKEY\' => 1,\n                                                \'TYPE\' => \'SMALLSERIAL\'\n                                              },\n                                              \'name\',\n                                              {\n                                                \'NOTNULL\' => 1,\n                                                \'TYPE\' => \'varchar(100)\'\n                                              },\n                                              \'description\',\n                                              {\n                                                \'TYPE\' => \'MEDIUMTEXT\'\n                                              },\n                                              \'table_name\',\n                                              {\n                                                \'NOTNULL\' => 1,\n                                                \'TYPE\' => \'varchar(100)\'\n                                              }\n                                            ]\n                              },\n          \'test_named_queries\' => {\n                                    \'FIELDS\' => [\n                                                  \'userid\',\n                                                  {\n                                                    \'NOTNULL\' => 1,\n                                                    \'TYPE\' => \'INT3\'\n                                                  },\n                                                  \'name\',\n                                                  {\n                                                    \'NOTNULL\' => 1,\n                                                    \'TYPE\' => \'varchar(64)\'\n                                                  },\n                                                  \'isvisible\',\n                                                  {\n                                                    \'DEFAULT\' => 1,\n                                                    \'NOTNULL\' => 1,\n                                                    \'TYPE\' => \'BOOLEAN\'\n                                                  },\n                                                  \'query\',\n                                                  {\n                                                    \'NOTNULL\' => 1,\n                                                    \'TYPE\' => \'MEDIUMTEXT\'\n                                                  },\n                                                  \'type\',\n                                                  {\n                                                    \'DEFAULT\' => 0,\n                                                    \'NOTNULL\' => 1,\n                                                    \'TYPE\' => \'INT3\'\n                                                  }\n                                                ],\n                                    \'INDEXES\' => [\n                                                   \'test_namedquery_primary_idx\',\n                                                   {\n                                                     \'FIELDS\' => [\n                                                                   \'userid\',\n                                                                   \'name\'\n                                                                 ],\n                                                     \'TYPE\' => \'UNIQUE\'\n                                                   },\n                                                   \'test_namedquery_name_idx\',\n                                                   [\n                                                     \'name\'\n                                                   ]\n                                                 ]\n                                  },\n          \'test_plan_activity\' => {\n                                    \'FIELDS\' => [\n                                                  \'plan_id\',\n                                                  {\n                                                    \'NOTNULL\' => 1,\n                                                    \'TYPE\' => \'INT4\',\n                                                    \'UNSIGNED\' => 1\n                                                  },\n                                                  \'fieldid\',\n                                                  {\n                                                    \'NOTNULL\' => 1,\n                                                    \'TYPE\' => \'INT2\',\n                                                    \'UNSIGNED\' => 1\n                                                  },\n                                                  \'who\',\n                                                  {\n                                                    \'NOTNULL\' => 1,\n                                                    \'TYPE\' => \'INT3\'\n                                                  },\n                                                  \'changed\',\n                                                  {\n                                                    \'NOTNULL\' => 1,\n                                                    \'TYPE\' => \'DATETIME\'\n                                                  },\n                                                  \'oldvalue\',\n                                                  {\n                                                    \'TYPE\' => \'MEDIUMTEXT\'\n                                                  },\n                                                  \'newvalue\',\n                                                  {\n                                                    \'TYPE\' => \'MEDIUMTEXT\'\n                                                  }\n                                                ],\n                                    \'INDEXES\' => [\n                                                   \'plan_activity_primary_idx\',\n                                                   [\n                                                     \'plan_id\'\n                                                   ],\n                                                   \'plan_activity_field_idx\',\n                                                   [\n                                                     \'fieldid\'\n                                                   ],\n                                                   \'plan_activity_who_idx\',\n                                                   [\n                                                     \'who\'\n                                                   ],\n                                                   \'plan_activity_changed_idx\',\n                                                   [\n                                                     \'changed\'\n                                                   ]\n                                                 ]\n                                  },\n          \'test_plan_attachments\' => {\n                                       \'FIELDS\' => [\n                                                     \'attachment_id\',\n                                                     {\n                                                       \'NOTNULL\' => 1,\n                                                       \'TYPE\' => \'INT4\'\n                                                     },\n                                                     \'plan_id\',\n                                                     {\n                                                       \'NOTNULL\' => 1,\n                                                       \'TYPE\' => \'INT4\',\n                                                       \'UNSIGNED\' => 1\n                                                     }\n                                                   ],\n                                       \'INDEXES\' => [\n                                                      \'test_plan_attachments_primary_idx\',\n                                                      [\n                                                        \'attachment_id\'\n                                                      ],\n                                                      \'attachment_plan_id_idx\',\n                                                      [\n                                                        \'plan_id\'\n                                                      ]\n                                                    ]\n                                     },\n          \'test_plan_permissions\' => {\n                                       \'FIELDS\' => [\n                                                     \'userid\',\n                                                     {\n                                                       \'NOTNULL\' => 1,\n                                                       \'TYPE\' => \'INT3\'\n                                                     },\n                                                     \'plan_id\',\n                                                     {\n                                                       \'NOTNULL\' => 1,\n                                                       \'TYPE\' => \'INT4\',\n                                                       \'UNSIGNED\' => 1\n                                                     },\n                                                     \'permissions\',\n                                                     {\n                                                       \'NOTNULL\' => 1,\n                                                       \'TYPE\' => \'INT1\'\n                                                     },\n                                                     \'grant_type\',\n                                                     {\n                                                       \'NOTNULL\' => 1,\n                                                       \'TYPE\' => \'INT1\'\n                                                     }\n                                                   ],\n                                       \'INDEXES\' => [\n                                                      \'testers_plan_user_idx\',\n                                                      {\n                                                        \'FIELDS\' => [\n                                                                      \'userid\',\n                                                                      \'plan_id\',\n                                                                      \'grant_type\'\n                                                                    ],\n                                                        \'TYPE\' => \'UNIQUE\'\n                                                      },\n                                                      \'testers_plan_user_plan_idx\',\n                                                      [\n                                                        \'plan_id\'\n                                                      ],\n                                                      \'testers_plan_grant_idx\',\n                                                      [\n                                                        \'grant_type\'\n                                                      ]\n                                                    ]\n                                     },\n          \'test_plan_permissions_regexp\' => {\n                                              \'FIELDS\' => [\n                                                            \'plan_id\',\n                                                            {\n                                                              \'NOTNULL\' => 1,\n                                                              \'TYPE\' => \'INT4\',\n                                                              \'UNSIGNED\' => 1\n                                                            },\n                                                            \'user_regexp\',\n                                                            {\n                                                              \'NOTNULL\' => 1,\n                                                              \'TYPE\' => \'TEXT\'\n                                                            },\n                                                            \'permissions\',\n                                                            {\n                                                              \'NOTNULL\' => 1,\n                                                              \'TYPE\' => \'INT1\'\n                                                            }\n                                                          ],\n                                              \'INDEXES\' => [\n                                                             \'testers_plan_regexp_idx\',\n                                                             {\n                                                               \'FIELDS\' => [\n                                                                             \'plan_id\'\n                                                                           ],\n                                                               \'TYPE\' => \'UNIQUE\'\n                                                             }\n                                                           ]\n                                            },\n          \'test_plan_tags\' => {\n                                \'FIELDS\' => [\n                                              \'tag_id\',\n                                              {\n                                                \'NOTNULL\' => 1,\n                                                \'TYPE\' => \'INT4\',\n                                                \'UNSIGNED\' => 1\n                                              },\n                                              \'plan_id\',\n                                              {\n                                                \'NOTNULL\' => 1,\n                                                \'TYPE\' => \'INT4\',\n                                                \'UNSIGNED\' => 1\n                                              },\n                                              \'userid\',\n                                              {\n                                                \'NOTNULL\' => 1,\n                                                \'TYPE\' => \'INT3\'\n                                              }\n                                            ],\n                                \'INDEXES\' => [\n                                               \'plan_tags_primary_idx\',\n                                               {\n                                                 \'FIELDS\' => [\n                                                               \'tag_id\',\n                                                               \'plan_id\',\n                                                               \'userid\'\n                                                             ],\n                                                 \'TYPE\' => \'UNIQUE\'\n                                               },\n                                               \'plan_tags_secondary_idx\',\n                                               {\n                                                 \'FIELDS\' => [\n                                                               \'tag_id\',\n                                                               \'plan_id\'\n                                                             ],\n                                                 \'TYPE\' => \'UNIQUE\'\n                                               },\n                                               \'plan_tags_plan_id_idx\',\n                                               [\n                                                 \'plan_id\'\n                                               ],\n                                               \'plan_tags_userid_idx\',\n                                               [\n                                                 \'userid\'\n                                               ]\n                                             ]\n                              },\n          \'test_plan_texts\' => {\n                                 \'FIELDS\' => [\n                                               \'plan_id\',\n                                               {\n                                                 \'NOTNULL\' => 1,\n                                                 \'TYPE\' => \'INT4\',\n                                                 \'UNSIGNED\' => 1\n                                               },\n                                               \'plan_text_version\',\n                                               {\n                                                 \'NOTNULL\' => 1,\n                                                 \'TYPE\' => \'INT4\'\n                                               },\n                                               \'who\',\n                                               {\n                                                 \'NOTNULL\' => 1,\n                                                 \'TYPE\' => \'INT3\'\n                                               },\n                                               \'creation_ts\',\n                                               {\n                                                 \'NOTNULL\' => 1,\n                                                 \'TYPE\' => \'DATETIME\'\n                                               },\n                                               \'plan_text\',\n                                               {\n                                                 \'TYPE\' => \'MEDIUMTEXT\'\n                                               }\n                                             ],\n                                 \'INDEXES\' => [\n                                                \'test_plan_text_version_idx\',\n                                                [\n                                                  \'plan_id\',\n                                                  \'plan_text_version\'\n                                                ],\n                                                \'test_plan_text_who_idx\',\n                                                [\n                                                  \'who\'\n                                                ]\n                                              ]\n                               },\n          \'test_plan_types\' => {\n                                 \'FIELDS\' => [\n                                               \'type_id\',\n                                               {\n                                                 \'NOTNULL\' => 1,\n                                                 \'PRIMARYKEY\' => 1,\n                                                 \'TYPE\' => \'SMALLSERIAL\'\n                                               },\n                                               \'name\',\n                                               {\n                                                 \'NOTNULL\' => 1,\n                                                 \'TYPE\' => \'varchar(64)\'\n                                               },\n                                               \'description\',\n                                               {\n                                                 \'TYPE\' => \'MEDIUMTEXT\'\n                                               }\n                                             ]\n                               },\n          \'test_plans\' => {\n                            \'FIELDS\' => [\n                                          \'plan_id\',\n                                          {\n                                            \'NOTNULL\' => 1,\n                                            \'PRIMARYKEY\' => 1,\n                                            \'TYPE\' => \'INTSERIAL\'\n                                          },\n                                          \'product_id\',\n                                          {\n                                            \'NOTNULL\' => 1,\n                                            \'TYPE\' => \'INT2\'\n                                          },\n                                          \'author_id\',\n                                          {\n                                            \'NOTNULL\' => 1,\n                                            \'TYPE\' => \'INT3\'\n                                          },\n                                          \'type_id\',\n                                          {\n                                            \'NOTNULL\' => 1,\n                                            \'TYPE\' => \'INT1\',\n                                            \'UNSIGNED\' => 1\n                                          },\n                                          \'default_product_version\',\n                                          {\n                                            \'NOTNULL\' => 1,\n                                            \'TYPE\' => \'MEDIUMTEXT\'\n                                          },\n                                          \'name\',\n                                          {\n                                            \'NOTNULL\' => 1,\n                                            \'TYPE\' => \'varchar(255)\'\n                                          },\n                                          \'creation_date\',\n                                          {\n                                            \'NOTNULL\' => 1,\n                                            \'TYPE\' => \'DATETIME\'\n                                          },\n                                          \'isactive\',\n                                          {\n                                            \'DEFAULT\' => \'1\',\n                                            \'NOTNULL\' => 1,\n                                            \'TYPE\' => \'BOOLEAN\'\n                                          }\n                                        ],\n                            \'INDEXES\' => [\n                                           \'plan_product_plan_id_idx\',\n                                           [\n                                             \'product_id\',\n                                             \'plan_id\'\n                                           ],\n                                           \'plan_author_idx\',\n                                           [\n                                             \'author_id\'\n                                           ],\n                                           \'plan_type_idx\',\n                                           [\n                                             \'type_id\'\n                                           ],\n                                           \'plan_isactive_idx\',\n                                           [\n                                             \'isactive\'\n                                           ],\n                                           \'plan_name_idx\',\n                                           [\n                                             \'name\'\n                                           ]\n                                         ]\n                          },\n          \'test_relationships\' => {\n                                    \'FIELDS\' => [\n                                                  \'relationship_id\',\n                                                  {\n                                                    \'NOTNULL\' => 1,\n                                                    \'PRIMARYKEY\' => 1,\n                                                    \'TYPE\' => \'INT1\',\n                                                    \'UNSIGNED\' => 1\n                                                  },\n                                                  \'name\',\n                                                  {\n                                                    \'TYPE\' => \'varchar(50)\'\n                                                  }\n                                                ]\n                                  },\n          \'test_run_activity\' => {\n                                   \'FIELDS\' => [\n                                                 \'run_id\',\n                                                 {\n                                                   \'NOTNULL\' => 1,\n                                                   \'TYPE\' => \'INT4\',\n                                                   \'UNSIGNED\' => 1\n                                                 },\n                                                 \'fieldid\',\n                                                 {\n                                                   \'NOTNULL\' => 1,\n                                                   \'TYPE\' => \'INT2\',\n                                                   \'UNSIGNED\' => 1\n                                                 },\n                                                 \'who\',\n                                                 {\n                                                   \'NOTNULL\' => 1,\n                                                   \'TYPE\' => \'INT3\'\n                                                 },\n                                                 \'changed\',\n                                                 {\n                                                   \'NOTNULL\' => 1,\n                                                   \'TYPE\' => \'DATETIME\'\n                                                 },\n                                                 \'oldvalue\',\n                                                 {\n                                                   \'TYPE\' => \'MEDIUMTEXT\'\n                                                 },\n                                                 \'newvalue\',\n                                                 {\n                                                   \'TYPE\' => \'MEDIUMTEXT\'\n                                                 }\n                                               ],\n                                   \'INDEXES\' => [\n                                                  \'run_activity_run_id_idx\',\n                                                  [\n                                                    \'run_id\'\n                                                  ],\n                                                  \'run_activity_field_idx\',\n                                                  [\n                                                    \'fieldid\'\n                                                  ],\n                                                  \'run_activity_who_idx\',\n                                                  [\n                                                    \'who\'\n                                                  ],\n                                                  \'run_activity_when_idx\',\n                                                  [\n                                                    \'changed\'\n                                                  ]\n                                                ]\n                                 },\n          \'test_run_cc\' => {\n                             \'FIELDS\' => [\n                                           \'run_id\',\n                                           {\n                                             \'NOTNULL\' => 1,\n                                             \'TYPE\' => \'INT4\',\n                                             \'UNSIGNED\' => 1\n                                           },\n                                           \'who\',\n                                           {\n                                             \'NOTNULL\' => 1,\n                                             \'TYPE\' => \'INT3\'\n                                           }\n                                         ],\n                             \'INDEXES\' => [\n                                            \'test_run_cc_primary_idx\',\n                                            {\n                                              \'FIELDS\' => [\n                                                            \'run_id\',\n                                                            \'who\'\n                                                          ],\n                                              \'TYPE\' => \'UNIQUE\'\n                                            },\n                                            \'test_run_cc_who_idx\',\n                                            [\n                                              \'who\'\n                                            ]\n                                          ]\n                           },\n          \'test_run_tags\' => {\n                               \'FIELDS\' => [\n                                             \'tag_id\',\n                                             {\n                                               \'NOTNULL\' => 1,\n                                               \'TYPE\' => \'INT4\',\n                                               \'UNSIGNED\' => 1\n                                             },\n                                             \'run_id\',\n                                             {\n                                               \'NOTNULL\' => 1,\n                                               \'TYPE\' => \'INT4\',\n                                               \'UNSIGNED\' => 1\n                                             },\n                                             \'userid\',\n                                             {\n                                               \'NOTNULL\' => 1,\n                                               \'TYPE\' => \'INT3\'\n                                             }\n                                           ],\n                               \'INDEXES\' => [\n                                              \'run_tags_primary_idx\',\n                                              {\n                                                \'FIELDS\' => [\n                                                              \'tag_id\',\n                                                              \'run_id\',\n                                                              \'userid\'\n                                                            ],\n                                                \'TYPE\' => \'UNIQUE\'\n                                              },\n                                              \'run_tags_secondary_idx\',\n                                              {\n                                                \'FIELDS\' => [\n                                                              \'tag_id\',\n                                                              \'run_id\'\n                                                            ],\n                                                \'TYPE\' => \'UNIQUE\'\n                                              },\n                                              \'run_tags_run_id_idx\',\n                                              [\n                                                \'run_id\'\n                                              ],\n                                              \'run_tags_userid_idx\',\n                                              [\n                                                \'userid\'\n                                              ]\n                                            ]\n                             },\n          \'test_runs\' => {\n                           \'FIELDS\' => [\n                                         \'run_id\',\n                                         {\n                                           \'NOTNULL\' => 1,\n                                           \'PRIMARYKEY\' => 1,\n                                           \'TYPE\' => \'INTSERIAL\'\n                                         },\n                                         \'plan_id\',\n                                         {\n                                           \'NOTNULL\' => 1,\n                                           \'TYPE\' => \'INT4\',\n                                           \'UNSIGNED\' => 1\n                                         },\n                                         \'environment_id\',\n                                         {\n                                           \'NOTNULL\' => 1,\n                                           \'TYPE\' => \'INT4\',\n                                           \'UNSIGNED\' => 1\n                                         },\n                                         \'product_version\',\n                                         {\n                                           \'TYPE\' => \'MEDIUMTEXT\'\n                                         },\n                                         \'build_id\',\n                                         {\n                                           \'NOTNULL\' => 1,\n                                           \'TYPE\' => \'INT4\',\n                                           \'UNSIGNED\' => 1\n                                         },\n                                         \'plan_text_version\',\n                                         {\n                                           \'NOTNULL\' => 1,\n                                           \'TYPE\' => \'INT4\'\n                                         },\n                                         \'manager_id\',\n                                         {\n                                           \'NOTNULL\' => 1,\n                                           \'TYPE\' => \'INT3\'\n                                         },\n                                         \'default_tester_id\',\n                                         {\n                                           \'TYPE\' => \'INT3\'\n                                         },\n                                         \'start_date\',\n                                         {\n                                           \'NOTNULL\' => 1,\n                                           \'TYPE\' => \'DATETIME\'\n                                         },\n                                         \'stop_date\',\n                                         {\n                                           \'TYPE\' => \'DATETIME\'\n                                         },\n                                         \'summary\',\n                                         {\n                                           \'NOTNULL\' => 1,\n                                           \'TYPE\' => \'TINYTEXT\'\n                                         },\n                                         \'notes\',\n                                         {\n                                           \'TYPE\' => \'MEDIUMTEXT\'\n                                         }\n                                       ],\n                           \'INDEXES\' => [\n                                          \'test_run_plan_id_run_id_idx\',\n                                          [\n                                            \'plan_id\',\n                                            \'run_id\'\n                                          ],\n                                          \'test_run_manager_idx\',\n                                          [\n                                            \'manager_id\'\n                                          ],\n                                          \'test_run_start_date_idx\',\n                                          [\n                                            \'start_date\'\n                                          ],\n                                          \'test_run_stop_date_idx\',\n                                          [\n                                            \'stop_date\'\n                                          ],\n                                          \'test_run_env_idx\',\n                                          [\n                                            \'environment_id\'\n                                          ],\n                                          \'test_run_build_idx\',\n                                          [\n                                            \'build_id\'\n                                          ],\n                                          \'test_run_plan_ver_idx\',\n                                          [\n                                            \'plan_text_version\'\n                                          ],\n                                          \'test_run_tester_idx\',\n                                          [\n                                            \'default_tester_id\'\n                                          ]\n                                        ]\n                         },\n          \'test_tags\' => {\n                           \'FIELDS\' => [\n                                         \'tag_id\',\n                                         {\n                                           \'NOTNULL\' => 1,\n                                           \'PRIMARYKEY\' => 1,\n                                           \'TYPE\' => \'INTSERIAL\'\n                                         },\n                                         \'tag_name\',\n                                         {\n                                           \'NOTNULL\' => 1,\n                                           \'TYPE\' => \'varchar(255)\'\n                                         }\n                                       ],\n                           \'INDEXES\' => [\n                                          \'test_tag_name_idx_v2\',\n                                          [\n                                            \'tag_name\'\n                                          ]\n                                        ]\n                         },\n          \'tokens\' => {\n                        \'FIELDS\' => [\n                                      \'userid\',\n                                      {\n                                        \'TYPE\' => \'INT3\'\n                                      },\n                                      \'issuedate\',\n                                      {\n                                        \'NOTNULL\' => 1,\n                                        \'TYPE\' => \'DATETIME\'\n                                      },\n                                      \'token\',\n                                      {\n                                        \'NOTNULL\' => 1,\n                                        \'PRIMARYKEY\' => 1,\n                                        \'TYPE\' => \'varchar(16)\'\n                                      },\n                                      \'tokentype\',\n                                      {\n                                        \'NOTNULL\' => 1,\n                                        \'TYPE\' => \'varchar(8)\'\n                                      },\n                                      \'eventdata\',\n                                      {\n                                        \'TYPE\' => \'TINYTEXT\'\n                                      }\n                                    ],\n                        \'INDEXES\' => [\n                                       \'tokens_userid_idx\',\n                                       [\n                                         \'userid\'\n                                       ]\n                                     ]\n                      },\n          \'user_group_map\' => {\n                                \'FIELDS\' => [\n                                              \'user_id\',\n                                              {\n                                                \'NOTNULL\' => 1,\n                                                \'TYPE\' => \'INT3\'\n                                              },\n                                              \'group_id\',\n                                              {\n                                                \'NOTNULL\' => 1,\n                                                \'TYPE\' => \'INT3\'\n                                              },\n                                              \'isbless\',\n                                              {\n                                                \'DEFAULT\' => \'FALSE\',\n                                                \'NOTNULL\' => 1,\n                                                \'TYPE\' => \'BOOLEAN\'\n                                              },\n                                              \'grant_type\',\n                                              {\n                                                \'DEFAULT\' => 0,\n                                                \'NOTNULL\' => 1,\n                                                \'TYPE\' => \'INT1\'\n                                              }\n                                            ],\n                                \'INDEXES\' => [\n                                               \'user_group_map_user_id_idx\',\n                                               {\n                                                 \'FIELDS\' => [\n                                                               \'user_id\',\n                                                               \'group_id\',\n                                                               \'grant_type\',\n                                                               \'isbless\'\n                                                             ],\n                                                 \'TYPE\' => \'UNIQUE\'\n                                               }\n                                             ]\n                              },\n          \'versions\' => {\n                          \'FIELDS\' => [\n                                        \'id\',\n                                        {\n                                          \'NOTNULL\' => 1,\n                                          \'PRIMARYKEY\' => 1,\n                                          \'TYPE\' => \'MEDIUMSERIAL\'\n                                        },\n                                        \'value\',\n                                        {\n                                          \'NOTNULL\' => 1,\n                                          \'TYPE\' => \'varchar(64)\'\n                                        },\n                                        \'product_id\',\n                                        {\n                                          \'NOTNULL\' => 1,\n                                          \'TYPE\' => \'INT2\'\n                                        }\n                                      ],\n                          \'INDEXES\' => [\n                                         \'versions_product_id_idx\',\n                                         {\n                                           \'FIELDS\' => [\n                                                         \'product_id\',\n                                                         \'value\'\n                                                       ],\n                                           \'TYPE\' => \'UNIQUE\'\n                                         }\n                                       ]\n                        },\n          \'votes\' => {\n                       \'FIELDS\' => [\n                                     \'who\',\n                                     {\n                                       \'NOTNULL\' => 1,\n                                       \'TYPE\' => \'INT3\'\n                                     },\n                                     \'bug_id\',\n                                     {\n                                       \'NOTNULL\' => 1,\n                                       \'TYPE\' => \'INT3\'\n                                     },\n                                     \'vote_count\',\n                                     {\n                                       \'NOTNULL\' => 1,\n                                       \'TYPE\' => \'INT2\'\n                                     }\n                                   ],\n                       \'INDEXES\' => [\n                                      \'votes_who_idx\',\n                                      [\n                                        \'who\'\n                                      ],\n                                      \'votes_bug_id_idx\',\n                                      [\n                                        \'bug_id\'\n                                      ]\n                                    ]\n                     },\n          \'watch\' => {\n                       \'FIELDS\' => [\n                                     \'watcher\',\n                                     {\n                                       \'NOTNULL\' => 1,\n                                       \'TYPE\' => \'INT3\'\n                                     },\n                                     \'watched\',\n                                     {\n                                       \'NOTNULL\' => 1,\n                                       \'TYPE\' => \'INT3\'\n                                     }\n                                   ],\n                       \'INDEXES\' => [\n                                      \'watch_watcher_idx\',\n                                      {\n                                        \'FIELDS\' => [\n                                                      \'watcher\',\n                                                      \'watched\'\n                                                    ],\n                                        \'TYPE\' => \'UNIQUE\'\n                                      },\n                                      \'watch_watched_idx\',\n                                      [\n                                        \'watched\'\n                                      ]\n                                    ]\n                     },\n          \'whine_events\' => {\n                              \'FIELDS\' => [\n                                            \'id\',\n                                            {\n                                              \'NOTNULL\' => 1,\n                                              \'PRIMARYKEY\' => 1,\n                                              \'TYPE\' => \'MEDIUMSERIAL\'\n                                            },\n                                            \'owner_userid\',\n                                            {\n                                              \'NOTNULL\' => 1,\n                                              \'TYPE\' => \'INT3\'\n                                            },\n                                            \'subject\',\n                                            {\n                                              \'TYPE\' => \'varchar(128)\'\n                                            },\n                                            \'body\',\n                                            {\n                                              \'TYPE\' => \'MEDIUMTEXT\'\n                                            }\n                                          ]\n                            },\n          \'whine_queries\' => {\n                               \'FIELDS\' => [\n                                             \'id\',\n                                             {\n                                               \'NOTNULL\' => 1,\n                                               \'PRIMARYKEY\' => 1,\n                                               \'TYPE\' => \'MEDIUMSERIAL\'\n                                             },\n                                             \'eventid\',\n                                             {\n                                               \'NOTNULL\' => 1,\n                                               \'TYPE\' => \'INT3\'\n                                             },\n                                             \'query_name\',\n                                             {\n                                               \'DEFAULT\' => \'\\\'\\\'\',\n                                               \'NOTNULL\' => 1,\n                                               \'TYPE\' => \'varchar(64)\'\n                                             },\n                                             \'sortkey\',\n                                             {\n                                               \'DEFAULT\' => \'0\',\n                                               \'NOTNULL\' => 1,\n                                               \'TYPE\' => \'INT2\'\n                                             },\n                                             \'onemailperbug\',\n                                             {\n                                               \'DEFAULT\' => \'FALSE\',\n                                               \'NOTNULL\' => 1,\n                                               \'TYPE\' => \'BOOLEAN\'\n                                             },\n                                             \'title\',\n                                             {\n                                               \'DEFAULT\' => \'\\\'\\\'\',\n                                               \'NOTNULL\' => 1,\n                                               \'TYPE\' => \'varchar(128)\'\n                                             }\n                                           ],\n                               \'INDEXES\' => [\n                                              \'whine_queries_eventid_idx\',\n                                              [\n                                                \'eventid\'\n                                              ]\n                                            ]\n                             },\n          \'whine_schedules\' => {\n                                 \'FIELDS\' => [\n                                               \'id\',\n                                               {\n                                                 \'NOTNULL\' => 1,\n                                                 \'PRIMARYKEY\' => 1,\n                                                 \'TYPE\' => \'MEDIUMSERIAL\'\n                                               },\n                                               \'eventid\',\n                                               {\n                                                 \'NOTNULL\' => 1,\n                                                 \'TYPE\' => \'INT3\'\n                                               },\n                                               \'run_day\',\n                                               {\n                                                 \'TYPE\' => \'varchar(32)\'\n                                               },\n                                               \'run_time\',\n                                               {\n                                                 \'TYPE\' => \'varchar(32)\'\n                                               },\n                                               \'run_next\',\n                                               {\n                                                 \'TYPE\' => \'DATETIME\'\n                                               },\n                                               \'mailto\',\n                                               {\n                                                 \'NOTNULL\' => 1,\n                                                 \'TYPE\' => \'INT3\'\n                                               },\n                                               \'mailto_type\',\n                                               {\n                                                 \'DEFAULT\' => \'0\',\n                                                 \'NOTNULL\' => 1,\n                                                 \'TYPE\' => \'INT2\'\n                                               }\n                                             ],\n                                 \'INDEXES\' => [\n                                                \'whine_schedules_run_next_idx\',\n                                                [\n                                                  \'run_next\'\n                                                ],\n                                                \'whine_schedules_eventid_idx\',\n                                                [\n                                                  \'eventid\'\n                                                ]\n                                              ]\n                               }\n        };\n','2.00');
/*!40000 ALTER TABLE `bz_schema` ENABLE KEYS */;
UNLOCK TABLES;

--
-- Table structure for table `category_group_map`
--

DROP TABLE IF EXISTS `category_group_map`;
CREATE TABLE `category_group_map` (
  `category_id` smallint(6) NOT NULL,
  `group_id` mediumint(9) NOT NULL,
  UNIQUE KEY `category_group_map_category_id_idx` (`category_id`,`group_id`)
) ENGINE=MyISAM DEFAULT CHARSET=utf8;

--
-- Dumping data for table `category_group_map`
--

LOCK TABLES `category_group_map` WRITE;
/*!40000 ALTER TABLE `category_group_map` DISABLE KEYS */;
/*!40000 ALTER TABLE `category_group_map` ENABLE KEYS */;
UNLOCK TABLES;

--
-- Table structure for table `cc`
--

DROP TABLE IF EXISTS `cc`;
CREATE TABLE `cc` (
  `bug_id` mediumint(9) NOT NULL,
  `who` mediumint(9) NOT NULL,
  UNIQUE KEY `cc_bug_id_idx` (`bug_id`,`who`),
  KEY `cc_who_idx` (`who`)
) ENGINE=MyISAM DEFAULT CHARSET=utf8;

--
-- Dumping data for table `cc`
--

LOCK TABLES `cc` WRITE;
/*!40000 ALTER TABLE `cc` DISABLE KEYS */;
/*!40000 ALTER TABLE `cc` ENABLE KEYS */;
UNLOCK TABLES;

--
-- Table structure for table `classifications`
--

DROP TABLE IF EXISTS `classifications`;
CREATE TABLE `classifications` (
  `id` smallint(6) NOT NULL auto_increment,
  `name` varchar(64) NOT NULL,
  `description` mediumtext,
  `sortkey` smallint(6) NOT NULL default '0',
  PRIMARY KEY  (`id`),
  UNIQUE KEY `classifications_name_idx` (`name`)
) ENGINE=MyISAM AUTO_INCREMENT=4 DEFAULT CHARSET=utf8;

--
-- Dumping data for table `classifications`
--

LOCK TABLES `classifications` WRITE;
/*!40000 ALTER TABLE `classifications` DISABLE KEYS */;
INSERT INTO `classifications` VALUES (1,'PUBLIC','Publicly available products',0),(2,'PARTNER','Products visible to partners',0),(3,'PRIVATE','Products that are only visible internally.',0);
/*!40000 ALTER TABLE `classifications` ENABLE KEYS */;
UNLOCK TABLES;

--
-- Table structure for table `component_cc`
--

DROP TABLE IF EXISTS `component_cc`;
CREATE TABLE `component_cc` (
  `user_id` mediumint(9) NOT NULL,
  `component_id` smallint(6) NOT NULL,
  UNIQUE KEY `component_cc_user_id_idx` (`component_id`,`user_id`)
) ENGINE=MyISAM DEFAULT CHARSET=utf8;

--
-- Dumping data for table `component_cc`
--

LOCK TABLES `component_cc` WRITE;
/*!40000 ALTER TABLE `component_cc` DISABLE KEYS */;
/*!40000 ALTER TABLE `component_cc` ENABLE KEYS */;
UNLOCK TABLES;

--
-- Table structure for table `components`
--

DROP TABLE IF EXISTS `components`;
CREATE TABLE `components` (
  `id` smallint(6) NOT NULL auto_increment,
  `name` varchar(64) NOT NULL,
  `product_id` smallint(6) NOT NULL,
  `initialowner` mediumint(9) NOT NULL,
  `initialqacontact` mediumint(9) default NULL,
  `description` mediumtext NOT NULL,
  `disallownew` tinyint(4) NOT NULL default '0',
  PRIMARY KEY  (`id`),
  UNIQUE KEY `components_product_id_idx` (`product_id`,`name`),
  KEY `components_name_idx` (`name`)
) ENGINE=MyISAM AUTO_INCREMENT=5 DEFAULT CHARSET=utf8;

--
-- Dumping data for table `components`
--

LOCK TABLES `components` WRITE;
/*!40000 ALTER TABLE `components` DISABLE KEYS */;
INSERT INTO `components` VALUES (1,'PUBLIC ONE COMP 1',1,4,5,'PUBLIC ONE COMP 1',0),(2,'PUBLIC ONE COMP 2',1,4,5,'PUBLIC ONE COMP 2',0),(3,'PRIVATE ONE COMP 1',2,7,8,'PRIVATE ONE COMP 1',0),(4,'PARTNER ONE COMP 1',3,2,6,'PARTNER ONE COMP 1',0);
/*!40000 ALTER TABLE `components` ENABLE KEYS */;
UNLOCK TABLES;

--
-- Table structure for table `dependencies`
--

DROP TABLE IF EXISTS `dependencies`;
CREATE TABLE `dependencies` (
  `blocked` mediumint(9) NOT NULL,
  `dependson` mediumint(9) NOT NULL,
  KEY `dependencies_blocked_idx` (`blocked`),
  KEY `dependencies_dependson_idx` (`dependson`)
) ENGINE=MyISAM DEFAULT CHARSET=utf8;

--
-- Dumping data for table `dependencies`
--

LOCK TABLES `dependencies` WRITE;
/*!40000 ALTER TABLE `dependencies` DISABLE KEYS */;
/*!40000 ALTER TABLE `dependencies` ENABLE KEYS */;
UNLOCK TABLES;

--
-- Table structure for table `duplicates`
--

DROP TABLE IF EXISTS `duplicates`;
CREATE TABLE `duplicates` (
  `dupe_of` mediumint(9) NOT NULL,
  `dupe` mediumint(9) NOT NULL,
  PRIMARY KEY  (`dupe`)
) ENGINE=MyISAM DEFAULT CHARSET=utf8;

--
-- Dumping data for table `duplicates`
--

LOCK TABLES `duplicates` WRITE;
/*!40000 ALTER TABLE `duplicates` DISABLE KEYS */;
/*!40000 ALTER TABLE `duplicates` ENABLE KEYS */;
UNLOCK TABLES;

--
-- Table structure for table `email_setting`
--

DROP TABLE IF EXISTS `email_setting`;
CREATE TABLE `email_setting` (
  `user_id` mediumint(9) NOT NULL,
  `relationship` tinyint(4) NOT NULL,
  `event` tinyint(4) NOT NULL,
  UNIQUE KEY `email_setting_user_id_idx` (`user_id`,`relationship`,`event`)
) ENGINE=MyISAM DEFAULT CHARSET=utf8;

--
-- Dumping data for table `email_setting`
--

LOCK TABLES `email_setting` WRITE;
/*!40000 ALTER TABLE `email_setting` DISABLE KEYS */;
INSERT INTO `email_setting` VALUES (1,0,0),(1,0,1),(1,0,2),(1,0,3),(1,0,4),(1,0,5),(1,0,6),(1,0,7),(1,0,9),(1,0,50),(1,1,0),(1,1,1),(1,1,2),(1,1,3),(1,1,4),(1,1,5),(1,1,6),(1,1,7),(1,1,9),(1,1,50),(1,2,0),(1,2,1),(1,2,2),(1,2,3),(1,2,4),(1,2,5),(1,2,6),(1,2,7),(1,2,8),(1,2,9),(1,2,50),(1,3,0),(1,3,1),(1,3,2),(1,3,3),(1,3,4),(1,3,5),(1,3,6),(1,3,7),(1,3,9),(1,3,50),(1,4,0),(1,4,1),(1,4,2),(1,4,3),(1,4,4),(1,4,5),(1,4,6),(1,4,7),(1,4,9),(1,4,50),(1,5,0),(1,5,1),(1,5,2),(1,5,3),(1,5,4),(1,5,5),(1,5,6),(1,5,7),(1,5,9),(1,5,50),(1,100,100),(1,100,101),(2,0,0),(2,0,1),(2,0,2),(2,0,3),(2,0,4),(2,0,5),(2,0,6),(2,0,7),(2,0,9),(2,0,50),(2,1,0),(2,1,1),(2,1,2),(2,1,3),(2,1,4),(2,1,5),(2,1,6),(2,1,7),(2,1,9),(2,1,50),(2,2,0),(2,2,1),(2,2,2),(2,2,3),(2,2,4),(2,2,5),(2,2,6),(2,2,7),(2,2,8),(2,2,9),(2,2,50),(2,3,0),(2,3,1),(2,3,2),(2,3,3),(2,3,4),(2,3,5),(2,3,6),(2,3,7),(2,3,9),(2,3,50),(2,4,0),(2,4,1),(2,4,2),(2,4,3),(2,4,4),(2,4,5),(2,4,6),(2,4,7),(2,4,9),(2,4,50),(2,5,0),(2,5,1),(2,5,2),(2,5,3),(2,5,4),(2,5,5),(2,5,6),(2,5,7),(2,5,9),(2,5,50),(2,100,100),(2,100,101),(3,0,0),(3,0,1),(3,0,2),(3,0,3),(3,0,4),(3,0,5),(3,0,6),(3,0,7),(3,0,9),(3,0,50),(3,1,0),(3,1,1),(3,1,2),(3,1,3),(3,1,4),(3,1,5),(3,1,6),(3,1,7),(3,1,9),(3,1,50),(3,2,0),(3,2,1),(3,2,2),(3,2,3),(3,2,4),(3,2,5),(3,2,6),(3,2,7),(3,2,8),(3,2,9),(3,2,50),(3,3,0),(3,3,1),(3,3,2),(3,3,3),(3,3,4),(3,3,5),(3,3,6),(3,3,7),(3,3,9),(3,3,50),(3,4,0),(3,4,1),(3,4,2),(3,4,3),(3,4,4),(3,4,5),(3,4,6),(3,4,7),(3,4,9),(3,4,50),(3,5,0),(3,5,1),(3,5,2),(3,5,3),(3,5,4),(3,5,5),(3,5,6),(3,5,7),(3,5,9),(3,5,50),(3,100,100),(3,100,101),(4,0,0),(4,0,1),(4,0,2),(4,0,3),(4,0,4),(4,0,5),(4,0,6),(4,0,7),(4,0,9),(4,0,50),(4,1,0),(4,1,1),(4,1,2),(4,1,3),(4,1,4),(4,1,5),(4,1,6),(4,1,7),(4,1,9),(4,1,50),(4,2,0),(4,2,1),(4,2,2),(4,2,3),(4,2,4),(4,2,5),(4,2,6),(4,2,7),(4,2,8),(4,2,9),(4,2,50),(4,3,0),(4,3,1),(4,3,2),(4,3,3),(4,3,4),(4,3,5),(4,3,6),(4,3,7),(4,3,9),(4,3,50),(4,4,0),(4,4,1),(4,4,2),(4,4,3),(4,4,4),(4,4,5),(4,4,6),(4,4,7),(4,4,9),(4,4,50),(4,5,0),(4,5,1),(4,5,2),(4,5,3),(4,5,4),(4,5,5),(4,5,6),(4,5,7),(4,5,9),(4,5,50),(4,100,100),(4,100,101),(5,0,0),(5,0,1),(5,0,2),(5,0,3),(5,0,4),(5,0,5),(5,0,6),(5,0,7),(5,0,9),(5,0,50),(5,1,0),(5,1,1),(5,1,2),(5,1,3),(5,1,4),(5,1,5),(5,1,6),(5,1,7),(5,1,9),(5,1,50),(5,2,0),(5,2,1),(5,2,2),(5,2,3),(5,2,4),(5,2,5),(5,2,6),(5,2,7),(5,2,8),(5,2,9),(5,2,50),(5,3,0),(5,3,1),(5,3,2),(5,3,3),(5,3,4),(5,3,5),(5,3,6),(5,3,7),(5,3,9),(5,3,50),(5,4,0),(5,4,1),(5,4,2),(5,4,3),(5,4,4),(5,4,5),(5,4,6),(5,4,7),(5,4,9),(5,4,50),(5,5,0),(5,5,1),(5,5,2),(5,5,3),(5,5,4),(5,5,5),(5,5,6),(5,5,7),(5,5,9),(5,5,50),(5,100,100),(5,100,101),(6,0,0),(6,0,1),(6,0,2),(6,0,3),(6,0,4),(6,0,5),(6,0,6),(6,0,7),(6,0,9),(6,0,50),(6,1,0),(6,1,1),(6,1,2),(6,1,3),(6,1,4),(6,1,5),(6,1,6),(6,1,7),(6,1,9),(6,1,50),(6,2,0),(6,2,1),(6,2,2),(6,2,3),(6,2,4),(6,2,5),(6,2,6),(6,2,7),(6,2,8),(6,2,9),(6,2,50),(6,3,0),(6,3,1),(6,3,2),(6,3,3),(6,3,4),(6,3,5),(6,3,6),(6,3,7),(6,3,9),(6,3,50),(6,4,0),(6,4,1),(6,4,2),(6,4,3),(6,4,4),(6,4,5),(6,4,6),(6,4,7),(6,4,9),(6,4,50),(6,5,0),(6,5,1),(6,5,2),(6,5,3),(6,5,4),(6,5,5),(6,5,6),(6,5,7),(6,5,9),(6,5,50),(6,100,100),(6,100,101),(7,0,0),(7,0,1),(7,0,2),(7,0,3),(7,0,4),(7,0,5),(7,0,6),(7,0,7),(7,0,9),(7,0,50),(7,1,0),(7,1,1),(7,1,2),(7,1,3),(7,1,4),(7,1,5),(7,1,6),(7,1,7),(7,1,9),(7,1,50),(7,2,0),(7,2,1),(7,2,2),(7,2,3),(7,2,4),(7,2,5),(7,2,6),(7,2,7),(7,2,8),(7,2,9),(7,2,50),(7,3,0),(7,3,1),(7,3,2),(7,3,3),(7,3,4),(7,3,5),(7,3,6),(7,3,7),(7,3,9),(7,3,50),(7,4,0),(7,4,1),(7,4,2),(7,4,3),(7,4,4),(7,4,5),(7,4,6),(7,4,7),(7,4,9),(7,4,50),(7,5,0),(7,5,1),(7,5,2),(7,5,3),(7,5,4),(7,5,5),(7,5,6),(7,5,7),(7,5,9),(7,5,50),(7,100,100),(7,100,101),(8,0,0),(8,0,1),(8,0,2),(8,0,3),(8,0,4),(8,0,5),(8,0,6),(8,0,7),(8,0,9),(8,0,50),(8,1,0),(8,1,1),(8,1,2),(8,1,3),(8,1,4),(8,1,5),(8,1,6),(8,1,7),(8,1,9),(8,1,50),(8,2,0),(8,2,1),(8,2,2),(8,2,3),(8,2,4),(8,2,5),(8,2,6),(8,2,7),(8,2,8),(8,2,9),(8,2,50),(8,3,0),(8,3,1),(8,3,2),(8,3,3),(8,3,4),(8,3,5),(8,3,6),(8,3,7),(8,3,9),(8,3,50),(8,4,0),(8,4,1),(8,4,2),(8,4,3),(8,4,4),(8,4,5),(8,4,6),(8,4,7),(8,4,9),(8,4,50),(8,5,0),(8,5,1),(8,5,2),(8,5,3),(8,5,4),(8,5,5),(8,5,6),(8,5,7),(8,5,9),(8,5,50),(8,100,100),(8,100,101);
/*!40000 ALTER TABLE `email_setting` ENABLE KEYS */;
UNLOCK TABLES;

--
-- Table structure for table `fielddefs`
--

DROP TABLE IF EXISTS `fielddefs`;
CREATE TABLE `fielddefs` (
  `id` mediumint(9) NOT NULL auto_increment,
  `name` varchar(64) NOT NULL,
  `type` smallint(6) NOT NULL default '0',
  `custom` tinyint(4) NOT NULL default '0',
  `description` mediumtext NOT NULL,
  `mailhead` tinyint(4) NOT NULL default '0',
  `sortkey` smallint(6) NOT NULL,
  `obsolete` tinyint(4) NOT NULL default '0',
  `enter_bug` tinyint(4) NOT NULL default '0',
  PRIMARY KEY  (`id`),
  UNIQUE KEY `fielddefs_name_idx` (`name`),
  KEY `fielddefs_sortkey_idx` (`sortkey`)
) ENGINE=MyISAM AUTO_INCREMENT=54 DEFAULT CHARSET=utf8;

--
-- Dumping data for table `fielddefs`
--

LOCK TABLES `fielddefs` WRITE;
/*!40000 ALTER TABLE `fielddefs` DISABLE KEYS */;
INSERT INTO `fielddefs` VALUES (1,'bug_id',0,0,'Bug #',1,100,0,0),(2,'short_desc',0,0,'Summary',1,200,0,0),(3,'classification',0,0,'Classification',1,300,0,0),(4,'product',0,0,'Product',1,400,0,0),(5,'version',0,0,'Version',1,500,0,0),(6,'rep_platform',0,0,'Platform',1,600,0,0),(7,'bug_file_loc',0,0,'URL',1,700,0,0),(8,'op_sys',0,0,'OS/Version',1,800,0,0),(9,'bug_status',0,0,'Status',1,900,0,0),(10,'status_whiteboard',0,0,'Status Whiteboard',1,1000,0,0),(11,'keywords',0,0,'Keywords',1,1100,0,0),(12,'resolution',0,0,'Resolution',0,1200,0,0),(13,'bug_severity',0,0,'Severity',1,1300,0,0),(14,'priority',0,0,'Priority',1,1400,0,0),(15,'component',0,0,'Component',1,1500,0,0),(16,'assigned_to',0,0,'AssignedTo',1,1600,0,0),(17,'reporter',0,0,'ReportedBy',1,1700,0,0),(18,'votes',0,0,'Votes',0,1800,0,0),(19,'qa_contact',0,0,'QAContact',1,1900,0,0),(20,'cc',0,0,'CC',1,2000,0,0),(21,'dependson',0,0,'Depends on',1,2100,0,0),(22,'blocked',0,0,'Blocks',1,2200,0,0),(23,'attachments.description',0,0,'Attachment description',0,2300,0,0),(24,'attachments.filename',0,0,'Attachment filename',0,2400,0,0),(25,'attachments.mimetype',0,0,'Attachment mime type',0,2500,0,0),(26,'attachments.ispatch',0,0,'Attachment is patch',0,2600,0,0),(27,'attachments.isobsolete',0,0,'Attachment is obsolete',0,2700,0,0),(28,'attachments.isprivate',0,0,'Attachment is private',0,2800,0,0),(29,'attachments.submitter',0,0,'Attachment creator',0,2900,0,0),(30,'target_milestone',0,0,'Target Milestone',0,3000,0,0),(31,'creation_ts',0,0,'Creation date',1,3100,0,0),(32,'delta_ts',0,0,'Last changed date',1,3200,0,0),(33,'longdesc',0,0,'Comment',0,3300,0,0),(34,'longdescs.isprivate',0,0,'Comment is private',0,3400,0,0),(35,'alias',0,0,'Alias',0,3500,0,0),(36,'everconfirmed',0,0,'Ever Confirmed',0,3600,0,0),(37,'reporter_accessible',0,0,'Reporter Accessible',0,3700,0,0),(38,'cclist_accessible',0,0,'CC Accessible',0,3800,0,0),(39,'bug_group',0,0,'Group',0,3900,0,0),(40,'estimated_time',0,0,'Estimated Hours',1,4000,0,0),(41,'remaining_time',0,0,'Remaining Hours',0,4100,0,0),(42,'deadline',0,0,'Deadline',1,4200,0,0),(43,'commenter',0,0,'Commenter',0,4300,0,0),(44,'flagtypes.name',0,0,'Flag',0,4400,0,0),(45,'requestees.login_name',0,0,'Flag Requestee',0,4500,0,0),(46,'setters.login_name',0,0,'Flag Setter',0,4600,0,0),(47,'work_time',0,0,'Hours Worked',0,4700,0,0),(48,'percentage_complete',0,0,'Percentage Complete',0,4800,0,0),(49,'content',0,0,'Content',0,4900,0,0),(50,'attach_data.thedata',0,0,'Attachment data',0,5000,0,0),(51,'attachments.isurl',0,0,'Attachment is a URL',0,5100,0,0),(52,'owner_idle_time',0,0,'Time Since Assignee Touched',0,5200,0,0),(53,'days_elapsed',0,0,'Days since bug changed',0,5300,0,0);
/*!40000 ALTER TABLE `fielddefs` ENABLE KEYS */;
UNLOCK TABLES;

--
-- Table structure for table `flagexclusions`
--

DROP TABLE IF EXISTS `flagexclusions`;
CREATE TABLE `flagexclusions` (
  `type_id` smallint(6) NOT NULL,
  `product_id` smallint(6) default NULL,
  `component_id` smallint(6) default NULL,
  KEY `flagexclusions_type_id_idx` (`type_id`,`product_id`,`component_id`)
) ENGINE=MyISAM DEFAULT CHARSET=utf8;

--
-- Dumping data for table `flagexclusions`
--

LOCK TABLES `flagexclusions` WRITE;
/*!40000 ALTER TABLE `flagexclusions` DISABLE KEYS */;
/*!40000 ALTER TABLE `flagexclusions` ENABLE KEYS */;
UNLOCK TABLES;

--
-- Table structure for table `flaginclusions`
--

DROP TABLE IF EXISTS `flaginclusions`;
CREATE TABLE `flaginclusions` (
  `type_id` smallint(6) NOT NULL,
  `product_id` smallint(6) default NULL,
  `component_id` smallint(6) default NULL,
  KEY `flaginclusions_type_id_idx` (`type_id`,`product_id`,`component_id`)
) ENGINE=MyISAM DEFAULT CHARSET=utf8;

--
-- Dumping data for table `flaginclusions`
--

LOCK TABLES `flaginclusions` WRITE;
/*!40000 ALTER TABLE `flaginclusions` DISABLE KEYS */;
/*!40000 ALTER TABLE `flaginclusions` ENABLE KEYS */;
UNLOCK TABLES;

--
-- Table structure for table `flags`
--

DROP TABLE IF EXISTS `flags`;
CREATE TABLE `flags` (
  `id` mediumint(9) NOT NULL auto_increment,
  `type_id` smallint(6) NOT NULL,
  `status` char(1) NOT NULL,
  `bug_id` mediumint(9) NOT NULL,
  `attach_id` mediumint(9) default NULL,
  `creation_date` datetime NOT NULL,
  `modification_date` datetime default NULL,
  `setter_id` mediumint(9) default NULL,
  `requestee_id` mediumint(9) default NULL,
  PRIMARY KEY  (`id`),
  KEY `flags_bug_id_idx` (`bug_id`,`attach_id`),
  KEY `flags_setter_id_idx` (`setter_id`),
  KEY `flags_requestee_id_idx` (`requestee_id`),
  KEY `flags_type_id_idx` (`type_id`)
) ENGINE=MyISAM DEFAULT CHARSET=utf8;

--
-- Dumping data for table `flags`
--

LOCK TABLES `flags` WRITE;
/*!40000 ALTER TABLE `flags` DISABLE KEYS */;
/*!40000 ALTER TABLE `flags` ENABLE KEYS */;
UNLOCK TABLES;

--
-- Table structure for table `flagtypes`
--

DROP TABLE IF EXISTS `flagtypes`;
CREATE TABLE `flagtypes` (
  `id` smallint(6) NOT NULL auto_increment,
  `name` varchar(50) NOT NULL,
  `description` text,
  `cc_list` varchar(200) default NULL,
  `target_type` char(1) NOT NULL default 'b',
  `is_active` tinyint(4) NOT NULL default '1',
  `is_requestable` tinyint(4) NOT NULL default '0',
  `is_requesteeble` tinyint(4) NOT NULL default '0',
  `is_multiplicable` tinyint(4) NOT NULL default '0',
  `sortkey` smallint(6) NOT NULL default '0',
  `grant_group_id` mediumint(9) default NULL,
  `request_group_id` mediumint(9) default NULL,
  PRIMARY KEY  (`id`)
) ENGINE=MyISAM DEFAULT CHARSET=utf8;

--
-- Dumping data for table `flagtypes`
--

LOCK TABLES `flagtypes` WRITE;
/*!40000 ALTER TABLE `flagtypes` DISABLE KEYS */;
/*!40000 ALTER TABLE `flagtypes` ENABLE KEYS */;
UNLOCK TABLES;

--
-- Table structure for table `group_control_map`
--

DROP TABLE IF EXISTS `group_control_map`;
CREATE TABLE `group_control_map` (
  `group_id` mediumint(9) NOT NULL,
  `product_id` mediumint(9) NOT NULL,
  `entry` tinyint(4) NOT NULL,
  `membercontrol` tinyint(4) NOT NULL,
  `othercontrol` tinyint(4) NOT NULL,
  `canedit` tinyint(4) NOT NULL,
  `editcomponents` tinyint(4) NOT NULL default '0',
  `editbugs` tinyint(4) NOT NULL default '0',
  `canconfirm` tinyint(4) NOT NULL default '0',
  UNIQUE KEY `group_control_map_product_id_idx` (`product_id`,`group_id`),
  KEY `group_control_map_group_id_idx` (`group_id`)
) ENGINE=MyISAM DEFAULT CHARSET=utf8;

--
-- Dumping data for table `group_control_map`
--

LOCK TABLES `group_control_map` WRITE;
/*!40000 ALTER TABLE `group_control_map` DISABLE KEYS */;
INSERT INTO `group_control_map` VALUES (15,3,1,3,3,0,0,0,0),(16,2,1,3,3,0,0,0,0);
/*!40000 ALTER TABLE `group_control_map` ENABLE KEYS */;
UNLOCK TABLES;

--
-- Table structure for table `group_group_map`
--

DROP TABLE IF EXISTS `group_group_map`;
CREATE TABLE `group_group_map` (
  `member_id` mediumint(9) NOT NULL,
  `grantor_id` mediumint(9) NOT NULL,
  `grant_type` tinyint(4) NOT NULL default '0',
  UNIQUE KEY `group_group_map_member_id_idx` (`member_id`,`grantor_id`,`grant_type`)
) ENGINE=MyISAM DEFAULT CHARSET=utf8;

--
-- Dumping data for table `group_group_map`
--

LOCK TABLES `group_group_map` WRITE;
/*!40000 ALTER TABLE `group_group_map` DISABLE KEYS */;
INSERT INTO `group_group_map` VALUES (1,15,0),(1,16,0),(2,2,0),(2,2,1),(2,2,2),(2,3,0),(2,3,1),(2,3,2),(2,4,0),(2,4,1),(2,4,2),(2,5,0),(2,5,1),(2,5,2),(2,6,0),(2,6,1),(2,6,2),(2,7,0),(2,7,1),(2,7,2),(2,8,0),(2,8,1),(2,8,2),(2,9,0),(2,9,1),(2,9,2),(2,10,0),(2,10,1),(2,10,2),(2,11,0),(2,11,1),(2,11,2),(2,12,0),(2,12,1),(2,12,2),(2,13,0),(2,13,1),(2,13,2),(2,14,0),(2,14,1),(2,14,2),(2,15,0),(2,15,1),(2,15,2),(2,16,0),(2,16,1),(2,16,2),(12,14,0),(13,11,0),(16,15,0);
/*!40000 ALTER TABLE `group_group_map` ENABLE KEYS */;
UNLOCK TABLES;

--
-- Table structure for table `groups`
--

DROP TABLE IF EXISTS `groups`;
CREATE TABLE `groups` (
  `id` mediumint(9) NOT NULL auto_increment,
  `name` varchar(255) NOT NULL,
  `description` text NOT NULL,
  `isbuggroup` tinyint(4) NOT NULL,
  `userregexp` tinytext NOT NULL,
  `isactive` tinyint(4) NOT NULL default '1',
  PRIMARY KEY  (`id`),
  UNIQUE KEY `groups_name_idx` (`name`)
) ENGINE=MyISAM AUTO_INCREMENT=17 DEFAULT CHARSET=utf8;

--
-- Dumping data for table `groups`
--

LOCK TABLES `groups` WRITE;
/*!40000 ALTER TABLE `groups` DISABLE KEYS */;
INSERT INTO `groups` VALUES (1,'Testers','Can read and write all test plans, runs, and cases.',0,'',1),(2,'admin','Administrators',0,'',1),(3,'tweakparams','Can change Parameters',0,'',1),(4,'editusers','Can edit or disable users',0,'',1),(5,'creategroups','Can create and destroy groups',0,'',1),(6,'editclassifications','Can create, destroy, and edit classifications',0,'',1),(7,'editcomponents','Can create, destroy, and edit components',0,'',1),(8,'editkeywords','Can create, destroy, and edit keywords',0,'',1),(9,'editbugs','Can edit all bug fields',0,'.*',1),(10,'canconfirm','Can confirm a bug or mark it a duplicate',0,'',1),(11,'bz_canusewhines','User can configure whine reports for self',0,'',1),(12,'bz_sudoers','Can perform actions as other users',0,'',1),(13,'bz_canusewhineatothers','Can configure whine reports for other users',0,'',1),(14,'bz_sudo_protect','Can not be impersonated by other users',0,'',1),(15,'partners','Full access to certain products',1,'',1),(16,'private','access restricted to insiders',1,'',1);
/*!40000 ALTER TABLE `groups` ENABLE KEYS */;
UNLOCK TABLES;

--
-- Table structure for table `keyworddefs`
--

DROP TABLE IF EXISTS `keyworddefs`;
CREATE TABLE `keyworddefs` (
  `id` smallint(6) NOT NULL auto_increment,
  `name` varchar(64) NOT NULL,
  `description` mediumtext,
  PRIMARY KEY  (`id`),
  UNIQUE KEY `keyworddefs_name_idx` (`name`)
) ENGINE=MyISAM DEFAULT CHARSET=utf8;

--
-- Dumping data for table `keyworddefs`
--

LOCK TABLES `keyworddefs` WRITE;
/*!40000 ALTER TABLE `keyworddefs` DISABLE KEYS */;
/*!40000 ALTER TABLE `keyworddefs` ENABLE KEYS */;
UNLOCK TABLES;

--
-- Table structure for table `keywords`
--

DROP TABLE IF EXISTS `keywords`;
CREATE TABLE `keywords` (
  `bug_id` mediumint(9) NOT NULL,
  `keywordid` smallint(6) NOT NULL,
  UNIQUE KEY `keywords_bug_id_idx` (`bug_id`,`keywordid`),
  KEY `keywords_keywordid_idx` (`keywordid`)
) ENGINE=MyISAM DEFAULT CHARSET=utf8;

--
-- Dumping data for table `keywords`
--

LOCK TABLES `keywords` WRITE;
/*!40000 ALTER TABLE `keywords` DISABLE KEYS */;
/*!40000 ALTER TABLE `keywords` ENABLE KEYS */;
UNLOCK TABLES;

--
-- Table structure for table `logincookies`
--

DROP TABLE IF EXISTS `logincookies`;
CREATE TABLE `logincookies` (
  `cookie` varchar(16) NOT NULL,
  `userid` mediumint(9) NOT NULL,
  `ipaddr` varchar(40) NOT NULL,
  `lastused` datetime NOT NULL,
  PRIMARY KEY  (`cookie`),
  KEY `logincookies_lastused_idx` (`lastused`)
) ENGINE=MyISAM DEFAULT CHARSET=utf8;

--
-- Dumping data for table `logincookies`
--

LOCK TABLES `logincookies` WRITE;
/*!40000 ALTER TABLE `logincookies` DISABLE KEYS */;
INSERT INTO `logincookies` VALUES ('3tPULLcQNr',7,'127.0.0.2','2008-05-02 14:38:10'),('BmPBa5fs1k',1,'127.0.0.2','2008-04-04 13:49:18'),('L4lpjuURN7',1,'127.0.0.2','2008-05-02 14:40:55'),('JmHB7RbSWu',2,'127.0.0.2','2008-05-02 14:48:28'),('ZFOn80C0Uj',7,'127.0.0.2','2008-05-02 14:48:49'),('BU0lAg8f9T',1,'127.0.0.2','2008-05-02 14:49:38'),('oAm04nRjcU',4,'127.0.0.2','2008-05-02 15:10:21'),('EaPwRDwhtX',7,'127.0.0.2','2008-05-02 15:11:08'),('wVOWqC5SO6',2,'127.0.0.2','2008-05-02 15:11:46'),('I3s7TpHOnX',1,'127.0.0.2','2008-05-02 15:12:28'),('64utKP1xis',2,'127.0.0.2','2008-05-02 15:13:33'),('nbjNtSjYJh',1,'127.0.0.2','2008-05-02 15:14:38'),('VlSC1SFanR',7,'127.0.0.2','2008-05-02 15:16:46'),('NBH46wH8Pw',2,'127.0.0.2','2008-05-02 15:17:29'),('FjvSz46JsP',7,'127.0.0.2','2008-05-02 15:20:26'),('5v2oehtH1p',3,'127.0.0.2','2008-05-15 14:50:32');
/*!40000 ALTER TABLE `logincookies` ENABLE KEYS */;
UNLOCK TABLES;

--
-- Table structure for table `longdescs`
--

DROP TABLE IF EXISTS `longdescs`;
CREATE TABLE `longdescs` (
  `comment_id` mediumint(9) NOT NULL auto_increment,
  `bug_id` mediumint(9) NOT NULL,
  `who` mediumint(9) NOT NULL,
  `bug_when` datetime NOT NULL,
  `work_time` decimal(5,2) NOT NULL default '0.00',
  `thetext` mediumtext NOT NULL,
  `isprivate` tinyint(4) NOT NULL default '0',
  `already_wrapped` tinyint(4) NOT NULL default '0',
  `type` smallint(6) NOT NULL default '0',
  `extra_data` varchar(255) default NULL,
  PRIMARY KEY  (`comment_id`),
  KEY `longdescs_bug_id_idx` (`bug_id`),
  KEY `longdescs_who_idx` (`who`,`bug_id`),
  KEY `longdescs_bug_when_idx` (`bug_when`),
  FULLTEXT KEY `longdescs_thetext_idx` (`thetext`)
) ENGINE=MyISAM AUTO_INCREMENT=7 DEFAULT CHARSET=utf8;

--
-- Dumping data for table `longdescs`
--

LOCK TABLES `longdescs` WRITE;
/*!40000 ALTER TABLE `longdescs` DISABLE KEYS */;
INSERT INTO `longdescs` VALUES (1,1,1,'2008-03-27 15:48:39','0.00','PUBLIC VISIBLE BUG - basic',0,0,0,NULL),(2,2,1,'2008-05-01 17:24:10','0.00','STATUS: IDLE\nBUILD: PUBLIC ACTIVE BUILD 1\nENVIRONMENT: PUBLIC ACTIVE ENVIRONMENT\nNOTES: \nSTEPS TO REPRODUCE: \n\nPublic bug logged from test case 5 in run 1',0,0,0,NULL),(3,3,1,'2008-05-02 15:10:00','0.00','Created an attachment (id=1)\nLOREM\n\nTHIS BUG IS PUBLIC',0,0,0,NULL),(4,4,2,'2008-05-02 15:19:36','0.00','PARTNER BUG',0,0,0,NULL),(5,5,7,'2008-05-02 15:21:06','0.00','PRIVATE BUG',0,0,0,NULL),(6,6,3,'2008-05-02 15:27:32','0.00','STATUS: IDLE\nBUILD: PRIVATE INACTIVE BUILD\nENVIRONMENT: PRIVATE INACTIVE ENVIRONMENT\nNOTES: \nSTEPS TO REPRODUCE: Logged from run 3',0,0,0,NULL);
/*!40000 ALTER TABLE `longdescs` ENABLE KEYS */;
UNLOCK TABLES;

--
-- Table structure for table `milestones`
--

DROP TABLE IF EXISTS `milestones`;
CREATE TABLE `milestones` (
  `id` mediumint(9) NOT NULL auto_increment,
  `product_id` smallint(6) NOT NULL,
  `value` varchar(20) NOT NULL,
  `sortkey` smallint(6) NOT NULL default '0',
  `disallownew` tinyint(4) NOT NULL default '0',
  PRIMARY KEY  (`id`),
  UNIQUE KEY `milestones_product_id_idx` (`product_id`,`value`)
) ENGINE=MyISAM AUTO_INCREMENT=7 DEFAULT CHARSET=utf8;

--
-- Dumping data for table `milestones`
--

LOCK TABLES `milestones` WRITE;
/*!40000 ALTER TABLE `milestones` DISABLE KEYS */;
INSERT INTO `milestones` VALUES (1,1,'PUBLIC M1',0,0),(2,2,'PRIVATE M1',0,0),(3,3,'PARTNER M1',0,0),(4,3,'PARTNER M2',0,0),(5,1,'PUBLIC M2',0,0),(6,2,'PRIVATE M2',0,0);
/*!40000 ALTER TABLE `milestones` ENABLE KEYS */;
UNLOCK TABLES;

--
-- Table structure for table `namedqueries`
--

DROP TABLE IF EXISTS `namedqueries`;
CREATE TABLE `namedqueries` (
  `id` mediumint(9) NOT NULL auto_increment,
  `userid` mediumint(9) NOT NULL,
  `name` varchar(64) NOT NULL,
  `query` mediumtext NOT NULL,
  `query_type` tinyint(4) NOT NULL,
  PRIMARY KEY  (`id`),
  UNIQUE KEY `namedqueries_userid_idx` (`userid`,`name`)
) ENGINE=MyISAM DEFAULT CHARSET=utf8;

--
-- Dumping data for table `namedqueries`
--

LOCK TABLES `namedqueries` WRITE;
/*!40000 ALTER TABLE `namedqueries` DISABLE KEYS */;
/*!40000 ALTER TABLE `namedqueries` ENABLE KEYS */;
UNLOCK TABLES;

--
-- Table structure for table `namedqueries_link_in_footer`
--

DROP TABLE IF EXISTS `namedqueries_link_in_footer`;
CREATE TABLE `namedqueries_link_in_footer` (
  `namedquery_id` mediumint(9) NOT NULL,
  `user_id` mediumint(9) NOT NULL,
  UNIQUE KEY `namedqueries_link_in_footer_id_idx` (`namedquery_id`,`user_id`),
  KEY `namedqueries_link_in_footer_userid_idx` (`user_id`)
) ENGINE=MyISAM DEFAULT CHARSET=utf8;

--
-- Dumping data for table `namedqueries_link_in_footer`
--

LOCK TABLES `namedqueries_link_in_footer` WRITE;
/*!40000 ALTER TABLE `namedqueries_link_in_footer` DISABLE KEYS */;
/*!40000 ALTER TABLE `namedqueries_link_in_footer` ENABLE KEYS */;
UNLOCK TABLES;

--
-- Table structure for table `namedquery_group_map`
--

DROP TABLE IF EXISTS `namedquery_group_map`;
CREATE TABLE `namedquery_group_map` (
  `namedquery_id` mediumint(9) NOT NULL,
  `group_id` mediumint(9) NOT NULL,
  UNIQUE KEY `namedquery_group_map_namedquery_id_idx` (`namedquery_id`),
  KEY `namedquery_group_map_group_id_idx` (`group_id`)
) ENGINE=MyISAM DEFAULT CHARSET=utf8;

--
-- Dumping data for table `namedquery_group_map`
--

LOCK TABLES `namedquery_group_map` WRITE;
/*!40000 ALTER TABLE `namedquery_group_map` DISABLE KEYS */;
/*!40000 ALTER TABLE `namedquery_group_map` ENABLE KEYS */;
UNLOCK TABLES;

--
-- Table structure for table `op_sys`
--

DROP TABLE IF EXISTS `op_sys`;
CREATE TABLE `op_sys` (
  `id` smallint(6) NOT NULL auto_increment,
  `value` varchar(64) NOT NULL,
  `sortkey` smallint(6) NOT NULL default '0',
  `isactive` tinyint(4) NOT NULL default '1',
  PRIMARY KEY  (`id`),
  UNIQUE KEY `op_sys_value_idx` (`value`),
  KEY `op_sys_sortkey_idx` (`sortkey`,`value`)
) ENGINE=MyISAM AUTO_INCREMENT=6 DEFAULT CHARSET=utf8;

--
-- Dumping data for table `op_sys`
--

LOCK TABLES `op_sys` WRITE;
/*!40000 ALTER TABLE `op_sys` DISABLE KEYS */;
INSERT INTO `op_sys` VALUES (1,'All',100,1),(2,'Windows',200,1),(3,'Mac OS',300,1),(4,'Linux',400,1),(5,'Other',500,1);
/*!40000 ALTER TABLE `op_sys` ENABLE KEYS */;
UNLOCK TABLES;

--
-- Table structure for table `priority`
--

DROP TABLE IF EXISTS `priority`;
CREATE TABLE `priority` (
  `id` smallint(6) NOT NULL auto_increment,
  `value` varchar(64) NOT NULL,
  `sortkey` smallint(6) NOT NULL default '0',
  `isactive` tinyint(4) NOT NULL default '1',
  PRIMARY KEY  (`id`),
  UNIQUE KEY `priority_value_idx` (`value`),
  KEY `priority_sortkey_idx` (`sortkey`,`value`)
) ENGINE=MyISAM AUTO_INCREMENT=6 DEFAULT CHARSET=utf8;

--
-- Dumping data for table `priority`
--

LOCK TABLES `priority` WRITE;
/*!40000 ALTER TABLE `priority` DISABLE KEYS */;
INSERT INTO `priority` VALUES (1,'P1',100,1),(2,'P2',200,1),(3,'P3',300,1),(4,'P4',400,1),(5,'P5',500,1);
/*!40000 ALTER TABLE `priority` ENABLE KEYS */;
UNLOCK TABLES;

--
-- Table structure for table `products`
--

DROP TABLE IF EXISTS `products`;
CREATE TABLE `products` (
  `id` smallint(6) NOT NULL auto_increment,
  `name` varchar(64) NOT NULL,
  `classification_id` smallint(6) NOT NULL default '1',
  `description` mediumtext,
  `milestoneurl` tinytext NOT NULL,
  `disallownew` tinyint(4) NOT NULL default '0',
  `votesperuser` smallint(6) NOT NULL default '0',
  `maxvotesperbug` smallint(6) NOT NULL default '10000',
  `votestoconfirm` smallint(6) NOT NULL default '0',
  `defaultmilestone` varchar(20) NOT NULL default '---',
  PRIMARY KEY  (`id`),
  UNIQUE KEY `products_name_idx` (`name`)
) ENGINE=MyISAM AUTO_INCREMENT=4 DEFAULT CHARSET=utf8;

--
-- Dumping data for table `products`
--

LOCK TABLES `products` WRITE;
/*!40000 ALTER TABLE `products` DISABLE KEYS */;
INSERT INTO `products` VALUES (1,'PUBLIC PRODUCT ONE',1,'PUBLIC PRODUCT','',0,0,10000,0,'PUBLIC M1'),(2,'PRIVATE PRODUCT ONE',3,'PRIVATE PRODUCT','',0,0,10000,0,'PRIVATE M1'),(3,'PARTNER PRODUCT ONE',2,'PARTNER PRODUCT','',0,0,10000,0,'PARTNER M1');
/*!40000 ALTER TABLE `products` ENABLE KEYS */;
UNLOCK TABLES;

--
-- Table structure for table `profile_setting`
--

DROP TABLE IF EXISTS `profile_setting`;
CREATE TABLE `profile_setting` (
  `user_id` mediumint(9) NOT NULL,
  `setting_name` varchar(32) NOT NULL,
  `setting_value` varchar(32) NOT NULL,
  UNIQUE KEY `profile_setting_value_unique_idx` (`user_id`,`setting_name`)
) ENGINE=MyISAM DEFAULT CHARSET=utf8;

--
-- Dumping data for table `profile_setting`
--

LOCK TABLES `profile_setting` WRITE;
/*!40000 ALTER TABLE `profile_setting` DISABLE KEYS */;
/*!40000 ALTER TABLE `profile_setting` ENABLE KEYS */;
UNLOCK TABLES;

--
-- Table structure for table `profiles`
--

DROP TABLE IF EXISTS `profiles`;
CREATE TABLE `profiles` (
  `userid` mediumint(9) NOT NULL auto_increment,
  `login_name` varchar(255) NOT NULL,
  `cryptpassword` varchar(128) default NULL,
  `realname` varchar(255) NOT NULL default '',
  `disabledtext` mediumtext NOT NULL,
  `disable_mail` tinyint(4) NOT NULL default '0',
  `mybugslink` tinyint(4) NOT NULL default '1',
  `extern_id` varchar(64) default NULL,
  PRIMARY KEY  (`userid`),
  UNIQUE KEY `profiles_login_name_idx` (`login_name`)
) ENGINE=MyISAM AUTO_INCREMENT=9 DEFAULT CHARSET=utf8;

--
-- Dumping data for table `profiles`
--

LOCK TABLES `profiles` WRITE;
/*!40000 ALTER TABLE `profiles` DISABLE KEYS */;
INSERT INTO `profiles` VALUES (1,'admin@testopia.com','gaYVtWOEm1Uu6','Administrator','',0,1,NULL),(2,'partner@testopia.com','tXDoNaxzga5/g','partner','',0,1,NULL),(3,'tester@testopia.com','RxCZ93TxwnHFw','tester','',0,1,NULL),(4,'public@testopia.com','CDLQmFTbMGUI.','public','',0,1,NULL),(5,'public_qa@testopia.com','j.kGVdj9j1Nes','public_qa','',0,1,NULL),(6,'partner_qa@testopia.com','cpDcIQV.8fcEI','partner_qa','',0,1,NULL),(7,'private@testopia.com','rchARuyeCjm8o','private','',0,1,NULL),(8,'private_qa@testopia.com','nU.nkYvKgijzA','private_qa','',0,1,NULL);
/*!40000 ALTER TABLE `profiles` ENABLE KEYS */;
UNLOCK TABLES;

--
-- Table structure for table `profiles_activity`
--

DROP TABLE IF EXISTS `profiles_activity`;
CREATE TABLE `profiles_activity` (
  `userid` mediumint(9) NOT NULL,
  `who` mediumint(9) NOT NULL,
  `profiles_when` datetime NOT NULL,
  `fieldid` mediumint(9) NOT NULL,
  `oldvalue` tinytext,
  `newvalue` tinytext,
  KEY `profiles_activity_userid_idx` (`userid`),
  KEY `profiles_activity_profiles_when_idx` (`profiles_when`),
  KEY `profiles_activity_fieldid_idx` (`fieldid`)
) ENGINE=MyISAM DEFAULT CHARSET=utf8;

--
-- Dumping data for table `profiles_activity`
--

LOCK TABLES `profiles_activity` WRITE;
/*!40000 ALTER TABLE `profiles_activity` DISABLE KEYS */;
INSERT INTO `profiles_activity` VALUES (1,1,'2008-03-17 15:53:06',31,NULL,'2008-03-17 15:53:06'),(2,1,'2008-03-17 15:56:26',31,NULL,'2008-03-17 15:56:26'),(3,1,'2008-03-17 15:56:59',31,NULL,'2008-03-17 15:56:59'),(3,1,'2008-03-17 15:57:09',39,'','Testers'),(4,1,'2008-03-17 15:57:45',31,NULL,'2008-03-17 15:57:45'),(5,1,'2008-03-17 16:05:26',31,NULL,'2008-03-17 16:05:26'),(6,1,'2008-03-17 16:17:42',31,NULL,'2008-03-17 16:17:42'),(7,1,'2008-03-17 16:18:30',31,NULL,'2008-03-17 16:18:30'),(7,1,'2008-03-17 16:18:40',39,'','Testers'),(8,1,'2008-03-17 16:19:08',31,NULL,'2008-03-17 16:19:08'),(1,1,'2008-03-17 16:49:15',39,'','Testers'),(2,1,'2008-05-02 14:43:11',39,'','partners'),(6,1,'2008-05-02 14:43:40',39,'','partners'),(7,1,'2008-05-02 14:44:29',39,'Testers','private'),(8,1,'2008-05-02 14:44:49',39,'','private');
/*!40000 ALTER TABLE `profiles_activity` ENABLE KEYS */;
UNLOCK TABLES;

--
-- Table structure for table `quips`
--

DROP TABLE IF EXISTS `quips`;
CREATE TABLE `quips` (
  `quipid` mediumint(9) NOT NULL auto_increment,
  `userid` mediumint(9) default NULL,
  `quip` text NOT NULL,
  `approved` tinyint(4) NOT NULL default '1',
  PRIMARY KEY  (`quipid`)
) ENGINE=MyISAM DEFAULT CHARSET=utf8;

--
-- Dumping data for table `quips`
--

LOCK TABLES `quips` WRITE;
/*!40000 ALTER TABLE `quips` DISABLE KEYS */;
/*!40000 ALTER TABLE `quips` ENABLE KEYS */;
UNLOCK TABLES;

--
-- Table structure for table `rep_platform`
--

DROP TABLE IF EXISTS `rep_platform`;
CREATE TABLE `rep_platform` (
  `id` smallint(6) NOT NULL auto_increment,
  `value` varchar(64) NOT NULL,
  `sortkey` smallint(6) NOT NULL default '0',
  `isactive` tinyint(4) NOT NULL default '1',
  PRIMARY KEY  (`id`),
  UNIQUE KEY `rep_platform_value_idx` (`value`),
  KEY `rep_platform_sortkey_idx` (`sortkey`,`value`)
) ENGINE=MyISAM AUTO_INCREMENT=5 DEFAULT CHARSET=utf8;

--
-- Dumping data for table `rep_platform`
--

LOCK TABLES `rep_platform` WRITE;
/*!40000 ALTER TABLE `rep_platform` DISABLE KEYS */;
INSERT INTO `rep_platform` VALUES (1,'All',100,1),(2,'PC',200,1),(3,'Macintosh',300,1),(4,'Other',400,1);
/*!40000 ALTER TABLE `rep_platform` ENABLE KEYS */;
UNLOCK TABLES;

--
-- Table structure for table `resolution`
--

DROP TABLE IF EXISTS `resolution`;
CREATE TABLE `resolution` (
  `id` smallint(6) NOT NULL auto_increment,
  `value` varchar(64) NOT NULL,
  `sortkey` smallint(6) NOT NULL default '0',
  `isactive` tinyint(4) NOT NULL default '1',
  PRIMARY KEY  (`id`),
  UNIQUE KEY `resolution_value_idx` (`value`),
  KEY `resolution_sortkey_idx` (`sortkey`,`value`)
) ENGINE=MyISAM AUTO_INCREMENT=8 DEFAULT CHARSET=utf8;

--
-- Dumping data for table `resolution`
--

LOCK TABLES `resolution` WRITE;
/*!40000 ALTER TABLE `resolution` DISABLE KEYS */;
INSERT INTO `resolution` VALUES (1,'',100,1),(2,'FIXED',200,1),(3,'INVALID',300,1),(4,'WONTFIX',400,1),(5,'DUPLICATE',500,1),(6,'WORKSFORME',600,1),(7,'MOVED',700,1);
/*!40000 ALTER TABLE `resolution` ENABLE KEYS */;
UNLOCK TABLES;

--
-- Table structure for table `series`
--

DROP TABLE IF EXISTS `series`;
CREATE TABLE `series` (
  `series_id` mediumint(9) NOT NULL auto_increment,
  `creator` mediumint(9) default NULL,
  `category` smallint(6) NOT NULL,
  `subcategory` smallint(6) NOT NULL,
  `name` varchar(64) NOT NULL,
  `frequency` smallint(6) NOT NULL,
  `last_viewed` datetime default NULL,
  `query` mediumtext NOT NULL,
  `is_public` tinyint(4) NOT NULL default '0',
  PRIMARY KEY  (`series_id`),
  UNIQUE KEY `series_creator_idx` (`creator`,`category`,`subcategory`,`name`)
) ENGINE=MyISAM AUTO_INCREMENT=7 DEFAULT CHARSET=utf8;

--
-- Dumping data for table `series`
--

LOCK TABLES `series` WRITE;
/*!40000 ALTER TABLE `series` DISABLE KEYS */;
INSERT INTO `series` VALUES (1,1,1,2,'All Open',1,NULL,'field0-0-0=resolution&type0-0-0=notregexp&value0-0-0=.&product=PUBLIC%20PRODUCT%20ONE&component=PUBLIC%20ONE%20COMP%202',1),(2,1,1,2,'All Closed',1,NULL,'field0-0-0=resolution&type0-0-0=regexp&value0-0-0=.&product=PUBLIC%20PRODUCT%20ONE&component=PUBLIC%20ONE%20COMP%202',1),(3,1,3,4,'All Open',1,NULL,'field0-0-0=resolution&type0-0-0=notregexp&value0-0-0=.&product=PRIVATE%20ONE&component=PRIVATE%20ONE%20COMP%201',1),(4,1,3,4,'All Closed',1,NULL,'field0-0-0=resolution&type0-0-0=regexp&value0-0-0=.&product=PRIVATE%20ONE&component=PRIVATE%20ONE%20COMP%201',1),(5,1,5,6,'All Open',1,NULL,'field0-0-0=resolution&type0-0-0=notregexp&value0-0-0=.&product=PARTNER%20ONE&component=PARTNER%20ONE%20COMP%201',1),(6,1,5,6,'All Closed',1,NULL,'field0-0-0=resolution&type0-0-0=regexp&value0-0-0=.&product=PARTNER%20ONE&component=PARTNER%20ONE%20COMP%201',1);
/*!40000 ALTER TABLE `series` ENABLE KEYS */;
UNLOCK TABLES;

--
-- Table structure for table `series_categories`
--

DROP TABLE IF EXISTS `series_categories`;
CREATE TABLE `series_categories` (
  `id` smallint(6) NOT NULL auto_increment,
  `name` varchar(64) NOT NULL,
  PRIMARY KEY  (`id`),
  UNIQUE KEY `series_categories_name_idx` (`name`)
) ENGINE=MyISAM AUTO_INCREMENT=7 DEFAULT CHARSET=utf8;

--
-- Dumping data for table `series_categories`
--

LOCK TABLES `series_categories` WRITE;
/*!40000 ALTER TABLE `series_categories` DISABLE KEYS */;
INSERT INTO `series_categories` VALUES (1,'PUBLIC PRODUCT ONE'),(2,'PUBLIC ONE COMP 2'),(3,'PRIVATE ONE'),(4,'PRIVATE ONE COMP 1'),(5,'PARTNER ONE'),(6,'PARTNER ONE COMP 1');
/*!40000 ALTER TABLE `series_categories` ENABLE KEYS */;
UNLOCK TABLES;

--
-- Table structure for table `series_data`
--

DROP TABLE IF EXISTS `series_data`;
CREATE TABLE `series_data` (
  `series_id` mediumint(9) NOT NULL,
  `series_date` datetime NOT NULL,
  `series_value` mediumint(9) NOT NULL,
  UNIQUE KEY `series_data_series_id_idx` (`series_id`,`series_date`)
) ENGINE=MyISAM DEFAULT CHARSET=utf8;

--
-- Dumping data for table `series_data`
--

LOCK TABLES `series_data` WRITE;
/*!40000 ALTER TABLE `series_data` DISABLE KEYS */;
/*!40000 ALTER TABLE `series_data` ENABLE KEYS */;
UNLOCK TABLES;

--
-- Table structure for table `setting`
--

DROP TABLE IF EXISTS `setting`;
CREATE TABLE `setting` (
  `name` varchar(32) NOT NULL,
  `default_value` varchar(32) NOT NULL,
  `is_enabled` tinyint(4) NOT NULL default '1',
  `subclass` varchar(32) default NULL,
  PRIMARY KEY  (`name`)
) ENGINE=MyISAM DEFAULT CHARSET=utf8;

--
-- Dumping data for table `setting`
--

LOCK TABLES `setting` WRITE;
/*!40000 ALTER TABLE `setting` DISABLE KEYS */;
INSERT INTO `setting` VALUES ('skin','standard',1,'Skin'),('lang','en',1,NULL),('post_bug_submit_action','next_bug',1,NULL),('per_bug_queries','off',1,NULL),('zoom_textareas','on',1,NULL),('csv_colsepchar',',',1,NULL),('state_addselfcc','cc_unless_role',1,NULL),('comment_sort_order','oldest_to_newest',1,NULL),('display_quips','on',1,NULL);
/*!40000 ALTER TABLE `setting` ENABLE KEYS */;
UNLOCK TABLES;

--
-- Table structure for table `setting_value`
--

DROP TABLE IF EXISTS `setting_value`;
CREATE TABLE `setting_value` (
  `name` varchar(32) NOT NULL,
  `value` varchar(32) NOT NULL,
  `sortindex` smallint(6) NOT NULL,
  UNIQUE KEY `setting_value_nv_unique_idx` (`name`,`value`),
  UNIQUE KEY `setting_value_ns_unique_idx` (`name`,`sortindex`)
) ENGINE=MyISAM DEFAULT CHARSET=utf8;

--
-- Dumping data for table `setting_value`
--

LOCK TABLES `setting_value` WRITE;
/*!40000 ALTER TABLE `setting_value` DISABLE KEYS */;
INSERT INTO `setting_value` VALUES ('lang','en',5),('post_bug_submit_action','next_bug',5),('post_bug_submit_action','same_bug',10),('post_bug_submit_action','nothing',15),('per_bug_queries','on',5),('per_bug_queries','off',10),('zoom_textareas','on',5),('zoom_textareas','off',10),('csv_colsepchar',',',5),('csv_colsepchar',';',10),('state_addselfcc','always',5),('state_addselfcc','never',10),('state_addselfcc','cc_unless_role',15),('comment_sort_order','oldest_to_newest',5),('comment_sort_order','newest_to_oldest',10),('comment_sort_order','newest_to_oldest_desc_first',15),('display_quips','on',5),('display_quips','off',10);
/*!40000 ALTER TABLE `setting_value` ENABLE KEYS */;
UNLOCK TABLES;

--
-- Table structure for table `test_attachment_data`
--

DROP TABLE IF EXISTS `test_attachment_data`;
CREATE TABLE `test_attachment_data` (
  `attachment_id` int(11) NOT NULL,
  `contents` longblob,
  KEY `test_attachment_data_primary_idx` (`attachment_id`)
) ENGINE=MyISAM DEFAULT CHARSET=utf8;

--
-- Dumping data for table `test_attachment_data`
--

LOCK TABLES `test_attachment_data` WRITE;
/*!40000 ALTER TABLE `test_attachment_data` DISABLE KEYS */;
INSERT INTO `test_attachment_data` VALUES (1,'Lorem ipsum dolor sit amet, consectetuer adipiscing elit. Nam pellentesque odio et elit. Nam lobortis sem suscipit sapien. Sed iaculis aliquam sapien. Maecenas ut lectus. Aenean fringilla massa et metus. Nam varius, sapien nec egestas feugiat, mi libero dignissim orci, id fermentum quam nisl quis risus. Phasellus libero justo, aliquet quis, pellentesque vitae, porttitor quis, orci. Maecenas sollicitudin. Donec bibendum, ante quis sodales fermentum, quam risus placerat pede, nec aliquam lorem odio sit amet nisi. Ut sem tellus, feugiat vitae, lobortis nec, dapibus at, est. Aenean cursus. Vivamus faucibus lectus eget felis. Nullam commodo tortor vitae turpis.\n\nSed mollis interdum risus. Pellentesque ante velit, facilisis vitae, fermentum eu, feugiat sit amet, dui. Suspendisse tempus ullamcorper nisl. Suspendisse ullamcorper, velit non luctus gravida, massa turpis ullamcorper eros, sed dictum risus neque ut augue. Vestibulum neque nulla, pretium fermentum, rutrum vehicula, pulvinar at, est. Quisque dignissim. Nullam placerat neque vel urna. Quisque cursus lacus rutrum tortor. Nunc ut elit. Vestibulum mi nunc, volutpat id, tempor ut, scelerisque vel, magna. Aenean nisl nulla, rutrum sit amet, sollicitudin sed, molestie eget, nisi. Lorem ipsum dolor sit amet, consectetuer adipiscing elit. Class aptent taciti sociosqu ad litora torquent per conubia nostra, per inceptos himenaeos. In odio erat, bibendum eu, gravida nec, elementum sed, urna.\n\nAliquam ultricies viverra mi. Ut convallis urna quis urna. Sed sed tortor. Suspendisse quis tellus. Ut gravida. Ut facilisis lectus in purus. Sed at est non libero dignissim varius. Donec vestibulum odio ac felis. Duis interdum pellentesque nisl. Aenean leo. Curabitur lectus. Cum sociis natoque penatibus et magnis dis parturient montes, nascetur ridiculus mus. Duis nisl ligula, elementum vitae, posuere eu, semper eget, augue. Maecenas metus nulla, ullamcorper id, malesuada sit amet, mattis nec, lacus. Nam tortor.\n\nNam sollicitudin, lacus sit amet aliquam tempus, nulla tellus tempus velit, eu sollicitudin dolor dui et velit. In ac sem. Mauris adipiscing enim in felis. Morbi porttitor laoreet sapien. Nam felis dolor, laoreet sed, iaculis eu, vulputate eu, nunc. Nullam egestas ligula. Fusce ut sapien. Aliquam erat volutpat. Proin tristique scelerisque sem. Nullam non erat.\n\nSed feugiat, lacus in elementum egestas, sapien nulla sodales leo, nec scelerisque diam eros eu arcu. Phasellus ut magna. Cras dignissim pellentesque tellus. Curabitur sapien. Suspendisse a risus lobortis quam consectetuer placerat. Aliquam ultricies pretium tortor. Aliquam erat volutpat. Mauris nunc. Etiam vitae diam. Aenean a felis. Donec posuere, lacus in lacinia commodo, ligula lectus rutrum nibh, non dapibus sapien enim eu mauris. Pellentesque arcu risus, condimentum id, dapibus in, blandit ut, pede. Nulla facilisi. Vestibulum elit quam, fringilla convallis, congue lacinia, dictum at, velit. Vestibulum ante ipsum primis in faucibus orci luctus et ultrices posuere cubilia Curae; Sed augue mauris, commodo vel, tincidunt hendrerit, consectetuer eu, eros. \n'),(2,'PNG\r\n\Z\n\0\0\0\rIHDR\0\0\0\0\0\0\0\0X\0\0\0gAMA\0\0OX2\0\0\0tEXtSoftware\0Adobe ImageReadyqe<\0\0IDATx	|e7\\$$d B\"Av0.	8@z\n*+a5 3K\0&a:	;Hg!@\0NI<TuUuwiNwuuUug~GICKJJ}UU%%%{\'\'g	 P+,^};>`7ztIFgf(L@%\':h$yr+u]Z9g%$$*L@ U,]-i=^#G<0{#S\0mgzzqx	+*.>#	66wVSu?S^;}Dy!p:N	t_z5sJ1no{28W~c.pT	7:!w\"7x=m.P6m\'o}8edd_\n&uh5<\rxz^_kKbC#VR	am!\nm?UA v(\":|G\r;.k-\'&L+6/?m=[\Z\n#\"\rVz8\rO\0\'LLUW/9`mT]2XO0{0a9f@%=zgWzD%:kjP	&-`T6\'}-pTawM6]&61]T`D&yLol_{8$K.0aq7#\n Oo|qvwdY3u$&Lp	m`}R=pY&L@7[_6\\n,Ep,,L0n\rX\"{\\\rkmG\"&L@7{t(]%nh:ho	tiIrR\r8&L5CfdI9.INz(	&JJJ8<C.\'%L@7j\0@nan#z&L%5<n%0a{Ep7n>zaYE^@7a$C;	B0aLKKKK&L[nX\"\nz	f22\nT0n-xaPt\'j&L[KLt}}/`io*&-j-\"n\" L@7;?C!L@ezq7aLDE0aLjEM0n-LH\n&NN\'DbA0n-{7v&Zq &]-gT\ra	<0alZX8woq7aya6=g(n	t&L0nv\r&L@7/,Q3\Zwc	f\Z)]b--/&g*&L0a	tq0\n.L@7L^hE	fjBT%*	&s?a	tk&ZM	T0n[/?	tk\0$V,$	fFnP9q7aLq7ayalg	%7h&L\0R\rJJJ&L5)Zj5>S/V%~)a	&LFz/	&L.7{Uo9evTi%%%*#nUWU| J!2LN0n\Z6obE\0M:rA#Cm#Rc@d?J[	pm|>Ml_^@`0n,]t2;7 kc]8u:CvWYvi%\r{|b_~^Q5^Wn,xzqk%v?:|z^\\$:&n;#_3SOO/{\\6l}\'O5wI4{\0Dyc3_u[[\"$\'L[6\0\'])c;B\n;>mPw\Z;zqzO\0o\"4\n\rl^\0z6[cyt\\R:\'%	/L[K37/?_U\0m\noTawmlLGFh>wn$9d2ql5\0+zw2A3>~ebT0n-VY$ ?S\"u!@XNK	&L[Kw\nAu%(T\rp7oM@bIr	;\0oq-6>J\rX=0aJQ\ZFqNq	>)3(^DTgn.aZI}X`sf\rFV3a^\nS.}X	[f\"&cFx\\!Z.0nT]\nAqgw&--00ayg0Bx\n&%[FFF .L9\Z	tkdmdm3(@0a4[:>9!{tp,Za)I6I0nh2w0aZPGxH\rbB<0a%;Yi1q$zj{[.L@V?u2\n)\rx2+L@&lp7/=Sa	tlYMIa	t3n\rBl	&f,nAo\nu	&-\\FQp	a($*9u6\'r	t<3=t%	qaZ}_\rK\\c	k(J\nFvgW7o^X	n^,=:v\\@N*	t{p\nG3[[)cag\ZmBDA#cS1dE %vKq@6P98h&[yykx=H{acA*v\\D3f\ro?8A<yB	6}F_UlO[OPjHI6nK#%\'uSHl;&a{O`m2Fch&avsHCgIre\"L[(ZqG\r\'mdj\'j1WX]\\!]A#5\rtk-5Hv\rt4HXK$!L@p2{\\\0`4=+WO|*qrf*2*R	F]\'S	tkAdJVxws/B0naoLdImc,n]\'	k-y\0\'	&-$^\rpj\n	toK\'MIz@Z$0a2q7@7Ogzs}KndXG7,M#v,Y(%QVC .?wCfdkHRUUp\0^\01.]o z|5MA_m:;\Z)T6cz^B$gQhO7 MKep7?|5l\0,.=+*.JM[<SIs8{-&V1\\2@ 86hL h0&\0\\`	W^qF3\rk\0g\']V&w*u!E7oFQSX@s-k<Y}78p71C\"Rmi)0\\LUaD1\0C]zy=DTU\ntseOv(kCNzbK\r+^,)^,5\\:UKszFZ+\n\r3\nC)bA\r8f\npn!+i~v]l4vpDonzGgK>8lW%IStL\\]=A6%gygRO\\w6ay3:4ux#PW[a[2k=5e<uNG%9w;C\Zr+QLT#:|KL19C[b_y@\0+tK[g*N\n+glXXC[zgL9wo=zmXr3&>8#S\0.*P3G`XS|z{|\0/u\r\0\n)<`x9z1a\0Y<.Xl/jFgfzOy$R/	*{a)y;X!6g.\0SRx_[[SVvahP@[gn,Exy@4q_#,9S,	p	\r\0b_Yt2EHA44Ky[w#K,W&DX:3\0h^xzWx|V2T\'Eg_Y%{h`+yQAxQmGIU[\Zn756nhk\np1XQg%39,qkMj}n6j\0L-{yEX><XwK\0o!dh`\"tcFO\Z&Vs^10ui,7`%<KoIu_|jcjE/s77liVC<$sEf\0v$0^yI>nR5\0z%iSW1#Mb9=hS!=hk%E/0@LE\01#n4on4,vN\rHe _-(X}!#Q>*|XR32%Y4[%2\ZQGYCa0/M*->=iW#K5Ku!J%gjVcCaD?4meX$Xu3YNd#2K>\rJPjEQhp3znH:X!h@F6cr7z~;3,zZwo,N<0+KfA7Rs`(\nDf8E!B|m!9K\\,cO\Z{a[!wUmE\nndL3!(c7G,b\"\\zZwKWlhX9GTElM-9CgY6y9!gE 5a\Z.=X(jYAgzDU5gi3gS1IDV3eVGxM+y;JX,\\iSSO{A3n6>i;bV\\#X{ *23Jxqc^E7yrc2h\rA\niW*td=`H`\\b	69n|=\"n!vn22>E.3a-u\Zg@W{b#9z1#k?N0\r,4ikB].p#N\nL\rFFZ\'Lq7{7> \"Y:|QQ!h4#3v-tOVC737:HwS5S?Ls Fbd:Lq7=tCMwx1a\Z^=Xmz8A*qV+wn=jW\Z\rw_xXn?\\i4i\\LG6!=X97]3]owPHE`X5${h<zx.zZ#!UBt[4Ttb{C|we~QAjnO\ZBJJJ}8@Ds7b.k#a\Z.+yoV\n:I-76W[,Y4Yco\Z.MNL]VkD76]A%@ f5<UWbE\'n]SBtI^<,zZ#1R6,b-9i5Idt\">8Zv{6o~>XHrD]0\r,VwKHHe9gln=ZNdq$Q9\ZmA4{&9ik#z{R\'tM\Z5qb)b4{Z)wKG.w#XbgDqzsB>aJt`[BB<#i3kX[XY5cRy\nyLN00{Z))GbfCts*FYOt`Mih\Z(}nFM\nnHDFwu F Fg ww3T\r,]@-FC\r\0#G(%LVnRcTOQ$tRS0j:#-L{Z/aV[YE7dBD[6bm\Z1fe3)a\Z=Xis7\Z-OMXFRR~O$&L[w#$W|b&uBb=a\Z=XMmhXucj-}opYs*wsD0\rn%o4,]PN2YpJxV9N9FLoVE7VoWCd5g7\0qoJF4bE\\jFb4|{Z/%71G[xx\ZQs8\'>\n(oILoVE7pC$eTEaL7, Isi`RpVTJr ,=]\rQEEwk\nnj-]9! YH\Z22.=a\Z=X-\n\0V^Naa,0sff0;Y*6:iN`\\\":kFH\Z\nF4xV:|[\ryyRocbXu-z;<32+ R<b0\rn8-\r|$ XZJ j~N7F9q_\\Nb4{Zmj/_Z8ox4z\0aB|<|(jt+RiX`=-Y*1\\T1VS\0fn\"[E\'FXji8`7[l}vm&uM]l0\"h9\0>Pb(Q\0Bi8`7x^ Or_gj\n?}wa)BZMs	Ga.\0GL{V7H0(?:l{i3;UG@7PL\\\ZbDq\"w#:Og{V-m|Ja;t\0}JMR!-=nhOTgfjD]SgA0{),\'\'Mr}\0.kNq\r\'Jp%KX\"1~FB7C-57knb&<@@7oB6|@No,0:E~w,mHr,\0\0J6tZ@k:Oco%C|&atL(	3H99)n^[}u>Zt_6&]T7-AY\"=5d1-0EE6n)?_v9`~-\0\0=um$wXDB)Nb\0.)	#JJJ\\4u.Z)5y;K?8Q:tjAUPn!eDq[D<a1A+*p9ULN:1nv D\0<Z\rIKWkZ-xDlwgZZ\\c&---6@6;o9e9NF`|>@@d1yrr%_vP;_`w-\"W\nH+aW>;{t?qAI6!\"khO^.go@	)!oi#B*g\nHN!v7&[/qY)5 \'gYVn5\"x(3-vgB{.\0Hg1q1.],24!!A(\06o5#i;0zjxp\Z~(i(y \'{Y-\\fm!\"`g\nxX`;G\0#x}1JT fe\0m|l;>)Fo({r|oke?tc,#wNyV,\']v<>(;Po7\Zkm$9NwwbzA!n48\0tv1^)ek5\r{nl\n7%1ujlO>}Fe)mjUgjJwo50_pY<6n\0$n\\V\\kS#\'f|V||<!\0907w+s{pr\r\rEIH )\r|cS62nUgOywki5SCD!zBet,{L\'jEuD8b\"cFfOk%v	0\\C^[f\\X[f#nGtKH_`#7zHr|WRK1rqK~1aB+VI$y~n4G\n\\S\']V<ZQV[j/5,$SF,\0 yV\"{|WV,^|iOkm8*\0WK#$LaU\n\n bb=\"z|0\r!LEE-[&O_nlV)jXZ\"exV[ZI49..]/^\rM\"j_nYHIz3g\\E\0a\0!K#`(PT\r38,Oo\0U`]pw3k<\Za522N\r\n5,Rq;pmi+x#t1&*\ra2qI:AO\\U!{S\0&D82A#akMno5\0.mIK-/[NN64,w/\'LOKD7s\0N,C*twItLMau|CE~	TZ6m:HUMEA<-3h5q0?zg\"=#)-0Wt?Dp*<@y_X<\r94)!>L-NPw.Bo.qGys?!H6@12!	7u=7af/?U=\0s\\u\0{\n9IwW)zv0i?0;\"@0+K]z5v7}[f_\\Mv=\rdiC[]hOj\0,~vQfuU~\0yWu\0s+c;m`A)+ql\rg7x@4x>\0dV9]b.]6ZF3]GHr`<)W^Br{\'\'MIe&V{G:\\\0d_5Bwr\0.?pQs(<fb\"}<_\0?}k5][y$s=c~-\r;p-<Ir/<|R yUULyP6xqlV]*H9aj\0m|HPK\"fLd~`3xm*6Z:oxhedO>\0OV^eIi)VPbph\'{m|S}c>vme_6lXK(Q1~xde\0s%w85UlV7E7qfp\0BF\n[n\r9S`RS8`me~WK-C{bmmqqqX)mc~r%Kb_0?=(k+lQUln|U\rOxp;#7GhcG01z^X%\0S\no\r>gmB\rKKi2!mY>2m\Zp7MWVVd\'3w\0m-lnZ[8W\\?l!Qs.	O\\8\0*<<0a_R\Zoi#\0pCDD]umv}>8~{SN/]|?uT.C>l\0\rPw&cn3k)F~XEC*$.$2>noQs28\n8O*iwo|Ef)=p9fv\'iLw6NTp?rr843	%\r\0pZ<XO\\+,30i};}Q*B=,Fy7\n\\N!GiQs=Weoa<G+K\Z2ofIRdi}(VuCVF@.}u6467\0fa\\ox_p=hIQ2uA0Z<|-ss2oo{ki\'	^SkZ=4(0.u)lY\09ev\n_2`mr@:lL\rUOF72\")&h~	\r/kV{v+++y9 U\r]~uRU/zHldBs\0SdD_fg\0\'-zH8\\;y6\"e!j!\0I\ZolUbDAuQ#{7~\n\\]Q@}EGj0QL`y&-J#eT\'V^,##\Z,*pfM12qYY#q0Nf	Y)VaN6{{L\'6NY%e]zo	^+)-e37y\rT&.f)M&F,.xUoI0Zyr2K{lJ\"&]v5;^@XK\nG-N,0I=y$`xe%Q9sK\rvE>m_s|rn\'Ooxd?3wqREnb.O6{ \'Et7?Tn-L$t9}}F@76AFh=^.HL1\0.7gfM\"=zn:L\rp!M\rgl*(bmz^v3GUEgeeo<`Yd!wF+TV2;@<6I-\ZAwp2@@/r\0\0()-\rp:x*K9SpEM	.\rg,DdA]f&|m9eM6f1>5;hD&5-\"\n	#%h)8/IqecXU\Zm$6o\n\Zw\\m|zw\nq(j+8|O7lf>6>jN8`}s5]Qa\\Vg\\QaBNW*4GX\\_=o7P]r\07Wg\rhv)%K#?8=zt&7dbyII-[Au|A\rX-|\r@ _-P]\r\0RlM8z%oV5,@c\'36)xmCD3Rg\0;C$@lVrprGD}G	/_]\'H$]NJj[\nM{KPa/d,$Yt1PkG+V\r_^/zc	mmZB+lWQT&\0jj8=i\npXe_xk}08\ZC%It9))$AO-=$4yXlkx\0]\\o7p.}emOi~X.;g,lo1\'wSUPe0mjp%	)Y8T6qhE7uW@\ZC\\[.Du.X\0\\=uatc_U-V]ogvfomsf\nFj;n|^PyDL*WQ-b<Ko>W,_K[\rwbaS>{zGC{uWgd{`LdO8~kyI|Dgf_U%|znR.##\"%y]uHtFL+bj\r/E!*X>m7F\r6c)sCX;\\3\'j[As\n%5TN@G\rpmOW<n_	}Hb/~_2OgnfkWX3\\W|y I>.\\m?)hIj/x`X|\r+o^Tke?|h<Jw()A\0,X_uhjVcsDI^<\ZbI*i_{K@1x>XeB}Y#RCYI\'uIsvbnD7ImD;uzBOEu}K4Co4,wC`ii0ACQ\0m7tZ8nM=]681FlB,{eBosf\n\ZQt_)uXnA/XJ\Zm<\'\"!ct6QfCx\n`e{Ms_4k;y-CtlWV#m\";U$ZJAc_{e@Nv{2h\\cho^\"\0\0\']3strY]z<}mQ Dmm#bSq7Khg%^`0\n+(SL8Pu1V\\@lMk}aum;.]I7zM{5HQjOO~wqww6~G\0F1V.\';[II^@R$>^Hp=sJwP/\r;f3\'OWdp(hb _za_cL*;\':wZ\rIjTO59=r[\0W6I\r7_d=h!/n@),\rnI5hE}	c;v<D)\nG\'}$@^Sr\rGAgO\r\\Q*;a5SjV\rHtD@7\nz1Ff%UY-)))}07\r F	_nwK5\\McLot5ic\n*}EjyeK6yA_^O%t&Df,\0[iY1gVEp:s#j3 :?P#r6xx|\\T$i`Set2V.2\r[X+#3K-\ZKo%op(:\0k\Z%/XLpMOCMkC@D@*#@f	\n\r_eesum+L9pQW g){g\0pHWG/9RD,)akRS,m(<ykytcJ&L jwN(j-9mmAl\0\'	_x}/`i%bv-dh/SWiobOo\"2v\\<1N.(6SF/)yw_rW*Bdm-\r{o0U40j5mAw28kf=K C~=b/&Ll]P9W[m.0_yA%;T\r>B\ZUR7x4yFLUMIp\rxGT3\0hwYYT6zCpfeTQ,**J:c\0C	)h6;&y@KBPs(UZ	S~\"/\'\'+0#.D92jLg?.:dE{+-TeCj^oM\nr\r[\0pP&t\ZGO:8]\0,~dzRX&,2+P$:nz. +tN?aI\'\'O9X~hfaBF7G6u/?-/1i_`n.05m\0sf=i[u~1b	P\\VP@p0 L2pu\rK5\r6Y1vW~UhSvj[Rwp_S\nau|gGW(eff^;wO_\'k@\0}a@B.Zu!b!sfUw.k2D\'t \"}wj-XAWh.~(?}M6%[WTQv`BV?p.u9Nc#\";)3>?	_WQQVGy6l\\9Q#)5\'?Q)Gg:w`+*xsYCwbl}6,5D^;>^ kn\ZUY_{~rh=TvTsfY-G\\uoP8zcKGDqPQ>]JwT}$.o_h\'R|gM\0\0p|\'~osqwZLxolx\08pQY_pP|UffZala)9TRYaBnt\rKdWK&z}%_6m3+PM%ppK2;(([*Uq1=b5@q|evLI:~&5O	.*p9OMOnASP[(>>y{5|m-\nYX1tC!\n\r(y*v@\rU\0P>l=hbo<%]A$0=\\@V_N;O]~Tjg)J7e1?]~oo\0tnKaHtO~zxB{]nyP\"Xd:K,\nF)flid;GP+O6&9mp LiC\08_XK\nqroyL$Ly4==]L.1b?>z{D3rb\'k3Ian{a7oYG?Z-Vx?(p8x<n(1~\n)x7e?uPVC\nD\\9K\rpb^m-Iz8t=\\p5kKh//{}Wqu1sx&n0x@D7\n3*vc$]-F,iX aM6M=<m-Yv{8AMh9t4	2J3Cd07IRu[$[Z7xR[PA_h\\>est{Rgd*~.xz&?OW@vnZ[8WaGAe\0g/Fi(QeQlU-)xkzWCN)q:mBTo[UZ7~URGY{\n	l:|\\j/5nT?N+\nc\nm#9KIPPYN&GT_v2i<\0&w***6oh9`}CTr.cLH|nI\\lB.)s<6MUr\ny/XmPQR\'TwlFx4@_G#6&NTe,EsmIMpYhun5bLJM}~CZ\'XE\nlKspPTc=^$pS<|Mg\nhvti)	SEV3/m};GZ=Do/=n/6PyyYU:9O>i~unjXZ\ZljF+IXG52 ?}#l%zs&,C=^uy0J g HHI`P\0e1asKe!n\nLm_XWHn\Zn\\d^!:#Dp4}\nQl\"c\0U5U/9WK=`EX\\mmnEsj5JI$Lz4@:j\\g`PG\0[M6C7l,kS\\?XUS*]~&`e7]tKO^>,y#r7\n@gNT??nG;o7@@p5V;o:l%NHBV@5M\n#nV%C]X|}\n{MV&\0}h;n8\n<>!An:<4_68V\0Q|un*oK)}F=N.W`UyxWRI,|6\0RPGsy)<L.R4uee=%z4`TnF_\rtl\n%mU*)ztI={aM3OjUaiu=y)q^^Q@[45BpPl\'rga7Qb2%eQ546 |~*xf!_LFHB3N|-\'\'\\TS>|g}Q#8-6([_Z8^D.J^a\'0.\ny;qYY8/&,>Mj\0F)Es6^/&$e=Xmt5qlkhK@zO*{SVCM0];u;o~;Dio@.#\nCQ4\rX9V,a1lVRS<PR~[Mnoa4AMye~TTMxG.0{nhZWf}bx\\8kZ[\0&ROji&zV\'ci:\'u.3TP9m<T\0RmhS\\LY;Rqjk]M\\0j\'+)=\0*eZ`5iAoe/	5,X5_^VGq88N3	sI9NIb:%a/ubDnWLn7ix6C7s-q2-p=e}k*B%o[8pzSMrgiB\0W9=;AlRGYjY	7`m_Qk3mlV>_UFF:<V\\^?{pnCtt60B51fmIuu5xzU6*~UAOC*8(20\nP4)eu&$:u	SETisTe\r~v\"[Nv6[&=KJ@\"WMDZ7_S~4{?\0O-/X>h<kS_2o#9M{\r^M`9);3x%%II)f6-;Yf}-]Dkn9R8yE/VV 0t]JD|pcI5[z~m2$mzz)\Zj@h<a?C`\r?Dq\n*J=(e%V&8>,\nRo-!|[p-!!ad?UTT(~%StsID{4_9D	)@b_:{oN6C%J!(e%;\Z7-fz$\n6!e;?7q<3tR~0[6m#jbN5-&>f7hc:P:o@Pm<[NCzB.EsRFe BI)D]~EJah\Zm;8C gGaJ/[0YFj!OKS~9\0?_\06hK\0]Sr 9Nnf%auS\Zw4RIN96\0+M,`s=>f9>;;?6.\rx::\0Re[,~L^y?9<f\02?{mao\r|W`/2M+r_!~uu)w6mkSwd\n~*KO]\0D9:,iQ]Fmp9Jy$wxCUhkCmi7kmz5\0	y1\n5AT}&\n38rU+$L{]\0p7GR^gE70pN.X\0/5[ff\\33^LvyTS{>?TZ9S	_i\\pZh\0jh#h+(btPr-=[rrd=pAUUtO\'.\\V^]4pYo2*jV@+rW2W[X<`pXGft!a\n{wnN-wC9~0ein\":+UTJQn)K+po$#sy~ku]o[oJ#S6{m>y!3f(z\0P2Va{ZG9mf6\\oC\0UuC9NlUH8\n^liIICz`\rlIGgq><296rd@+\r{s$BGKpIbN8?\092&*16+m0;|^\0Ot29F9961UDR\naO :h?Qvt\0gVz7Di~)^PLhIX\n}\0E\0C7\rUG4c\0B~\0s*`c5U`?[7U[S0.}qrO?~F)	nKW5Nigh6T\0kNze} md&%K0`y1h5e.B l\'l~xvM=JS/\'.1#B7F2__IYX_\n825^6o\\.\"<p]k@]\Z$aP6\nUhq{>cI\"3c.C^\0w\nS4Mti%I\Z T)-\r$9	yVW\r)|OWAw@\rnrcSC_L1\ZG4MbN{rWqW4\Z7lWz46\nX\"!.3w)845^S\nQf\'z	S\\-}56 ,n7mHDKiF~5)?(@\rGal7hN`/hfQ#;i3\'Bldq::;\rSL1.37	\ZN8IoL;UI	x_Nl36 v0nm#=tAN6\r_<vk9xx_&uk2AiMQL?yi5/?lW\0w..i:Uq]n&=:|b769n\ZS2azqo-\ZnicSb2	3t#su;tM}YZN1(8@Gc\0\0auan<1zT[N\r{ajUR	SKWn@Rp 7IKVyk8\\yg{D\rYOeTQU9)6>j#=3N:kO=	F+MO2\rn\';N/L,8ozocH0\'\0i5dKc\"g1<7]vz5 X5[`\rp\\4j'pn{O`z7f?-m\Z\\T`pMVU1{j%*Usl:we3eDbmJD\'E40;_MNLetD`\0|q.j9,,}xi	.C\0,XGxh_;8^mtMNI]2M\r*T:Pu\Zpa\nnLJhr7J.E4azium^;Y[l\0*nhW;xk,#7a_\0Pm(mhh{.qrZ?^~ug	7uh!<_4.+cwYb#l**`&Z	;`S.)\0i4m2.\0R\'*5t\0mnlfWG}annUX7dK]rA>&mL?X{m%zX\ZH$=yXjh!L4*\Z(u<YmEst(iM	^Wgnjg	RsexTR{\'XtyS$k3\"cB=}VQ*?	maNw6rq`o8GV:5|jSNKvMJvnMww\rEt]GT2	Y?bpX`5XS\ZAQi&|oo$f\ZYV{.,)8|iEUS(	SM}}n-,?zCs1=8}wmYk\"1w]\0+Jp<`\']6~5_yahkq^n4a&n]{rn)\0!CF	{:H[5&\r A.dj?%w!ZP\0vI0	g_LS*9lV_p|ma(6JnI	\'L-)sK$DsH701\"o5#nzc~~[|\n\"]{U5e1?eCyBF+4#xoPT_*6 ncK:Mg&Lv-\ndq7!znb(W:vBi	`|muL\0Z1~\'7E8)}\nCuS;Har]b%Qr9>Wy\\wmz5jsW\rOWgnfN^d0tn)<\\GL32<_/~RCF+Lxa$|dn`\'6@KSZ`aN5Jc\\&Ex59!7y{,D@_hw?\"EstH3\\0aO;3/F\r+MEmiET4k`q4Q<SM$g\rg`.I>:cxLQ\Z0\Z;N!y^\"<X-%3lt0gwP4	C_~^AtK zuuq([An)3;}2g	}7vlMQHPZ\nSpU>g Af1tRo7}6FqT;8T(teyxLf_NUvwdFWSCyI#G\\d[98\Z7ZLD[I\Z7cPlR_N<j\n7u^CbU\0F98%f:\naYtAU|[}:?4w\\_~ZAGH@`#t<&S:F+slV;Gz%!\"t{wn~)zz\0wnN6oLGa\Z\'L5nzIF\ZWqN\rW<\0\"h,\0O\n?i@\rz>)UK\"W;7m?++jSbjw]vjv_*J1xS?~_A.D8pvc/O5`\\-Tx-]jg@}]32cz`mjf<Z?nw)aqJX(lb97f\Z$L5d6Jr(akhB[8yRD87\08=3ENINgf7XhJcyp7n8|*yTp%=8YAOfbuO=^x9nZF	SpK5]?=0i`LWo;}a`=\Z\'5yq75Z|\rk!&d8Z`MiB<~4S3?=9}-Z Lz:WF/o\rq-Eyi#<ubkr\nL~67_#C\n\'6.+hp43A06\"MqIz4xz[SRw2hTt\0BiS%o+W;vqgX\nz|M)auBuoSum77%najAT-z@B%L{[)voM1anF2nKBc7F7ZQ1A(\nv\'n:nYS)7i!/$X&GBSM\\(H*Up+2\'@4b}Z#zjmjLznrfU%m>,V4Huk*D76R<;!@oW`GRQ60H\'}&=P~Qg\r(Mp78=rj\01\\eT$t+]A2\"hRD$35)=]QJTF00E)8Z<W!*smo|f9.=aKi2Df/w	SMe7=t5Cj]rn#X1a4//4EShn~F+Y{tMOwR,8vR*BK\"JnJ4zn~5F5\"ZII8D?]@d:\\mw8xc8~pc!4Z!CM>a<ZLvOwq7SqkNV^Bi5[rKy(K&[0u#&9{[v-5cq\'qx>Rf	Bo:JSIXbrm(\\SV9/\nhkf9;bv\']]5W5&w|\'wnwqnqLj$txm#,}uQL7M.jb8w,$/</kL6UmP5$rt6%qSrg:NW\ZO-v-wi8zni1vC7=7^}64,X5,\0(,zV\rtC]s+1eP=3oq+B`\0fosKc.NI,yO2wj{o4hCo&|	[hzMOpXVrj+JrQl-ch> \'\Zr-UYXU\0N}U\0O5mSqMVLYJA*	SA}	4U9G[e1\rrs\n\Zs6Fg.rJ)5riiXX2	58\n[z258bamm?o6TdXy;L5MC)|[[\ndsI&nsA7&G7R^u7yIVS](?^\\_K\'_=IBT6kt%Nr75\0zun4m\n~owl<%U8<X!U3\0]QXCM;LbOYnd@s7+IL?pw@Ar4=GD|Yizji\nja\n\"uz>`=5?qEhj5KRACe18TAK#vc7UyM5M;1j&L5\'vJ2x4C+ TtjE8MZRCVnpIEGv{zcgi^X,]+0XCj\"QYJd=3F11c^^yCJY0<ijFVkTp\\3a	\"<i5/Snn\"q_XYL	\nu0[\0m@YuwPZ#19d\nKm8p:a9 Fs ltsjH	S=R).+{YVXTzxG\Zj\\G6g)\"aRi c@KBUAp,o]!er/3w|,\08u>+E7SqJ\Z2G)!$L]*E7,9PaaUX0zc7%i +vl\r\rY\\5EM\nYC*gq#itoHO%~ E**kB7[z6~5A{6(\0z4;L1@LS{q//^#^A=8YX]yb{`9NG?bT]8uPdq7{~%)s=mE_\\	Sw#,X?	O5@G%nsd|&ViB cxtkf=\':Lc88^1H@hCMGa5(zA7z,&L%wTy\r+HiqN{u)XM}e36>\nwS8Z:lZ[eemT^p8=q&))w3eikl5r0*0]<e]$A>M5E/`SXgXT\Z\0\0e{nrssOvloZ!2W*L__@ti1p^bq?gv0`NTNTi4=odfbO:pFi\00/f3xrCb1RyiX6ly1XfM2_Na`08nu57Oq2j7O\Z\0F~(luj[(\"8(8\0{0qJxPs\Z\rX`xu=] )/Qg4B\"jjf`6@k\\<+~GmYb\Z|fxSqKL]n=SvyJJ\\#ka)wq+\0*||\r\nGsDNlavz})$=\r\\:mjY~}vGR\rm66 C.`\n9\0Sk***qx1?[kZwk\ZOL_YjMn!AIKL$y\r:L+vYArpM?P^@hBo/yK16\np\007	U\ZnSD:e9Go	SC]k|>U=-;tc\Z k4D,l.LSYU!7Y`-_Yr3t)iXM2.C KUe{\r-05Nk7?y|]:]T7,lr7Q$L:1~a+A7-BUPUTnT[.$=}z3grE4`ivLBc)$,h+?~Zl!kNZg^!bV21F|G/3}y.&7hQ.iI`ed[L]RvF7;EVoz7JePh<cAX&-_9viuSM8S6\0\r_/D\":;5SF8yj-mdCIZKnlgjP.\rsD#05|z5S>&*q74X*z`uv Gv	pR(N~GxXaq+L1M/4q7sq+C,)S\\\nIrq43|nR48Kw<|VshKA7u[R;lbA_;?q\ZYjX\\z[yPy;\"&flLJm\rwS\'.vJ-M0@b7^R,@wclVU/1z$_Y=FUpSgJswMn\Z`uYSJ*>&LKxlu0SAAjRn[	^tS6V#n`b/U\0[[Mj`(B|_<=]UbiyWn<qJPRhTbhP\rm9[!w7/61x;U}.iIe{Yz\ZtdVzS{s e.)d9/t\0B)$ZV#v=g/hfL\0S8b;l/9, 0s?pBJ|ck2uLS|AIBAn&bgzRw).17Q>72kUo30?Xn:PTcH.:hiS;J5Bo|6]!EPR*K~\"gA6\'%ll!0/\nL5/+sKnLrhts0tq\\.E7p	 q{]f[M$}#\n5C7Ry81\ndmzyA\\\\W,p9\0Sh?3\">gXsp[q\n+nB.\"Z)%66k>SDH7]vYbXGd\rx2#fmC8V1mv^}nrPu[K=feskJ<.8\Zg]}	|UIH$,	 @\"UV0BGY1qf\n3S:J\"K/QY5 b%\"PYEYok ~~gy{\r_{{<%B!e(h.wbQm{N7\\jWB\nFM+t\r&N9,p\'KP9OF*N].WhK1V`_\rjSZ~0{i18\nxi	lat0DYj-nHci4UA3LWx\rk\Z.C>ES]X0,4Axb[RtIiC+XSu)YPvE\ZU5p-f=jAMo+_$D1ra<Rp8C7zS[@i9= By0b7#F	Y_J73gy+i?>Lc4pZwbo8OWWT`Rs@nRE=tH rtc%Y/GXGdS\rTq7`jO6 \\[\'|s	F|p\"(,Qf}1 Z!T^B<hwfs0!Uxh]Yb^	ZMWtjYtcX\'dRCIz%5*)a\n@xB	Ay6mB\07{v#@?U\"+b*R[6TVU`\rmL4*u#$BrA.WUt;V^p#E7\n;&kYoEwC2\0t!\r,\rFiY=?tT^qj{dP[|@4#|j?WT(\'\ZU=8Is\\:TzZBXP\" T>L7Q;YQBHAnL[+8A7T\Z!7zGNLl_.6u)~7w*w)8*sXK-fUppn?fRj&Qeq.B	)8KBngME]	3f\0I\"*fZ!!3)b0X)515_DYo^2ArSX+QpUw=Ns\\5R3Qj-ItgPN7[Hj5XTK8cQY(xBp4D^6;ey!=dRpn5]q?0m:c\07ud]6E)hkh7	~7T^IH!=%	v3f&%^AZO%aSs.ZgtY@@Vth^A$?/B`\r#[L	VY?[C*;#j&=-L)Kh)|n\rRp X^9FBRNK3>f,6ub\r\'9qOb+__\n	d`Q]i3\n@L@&9.Cge}2V8+&3wn#r1[xGeHVXRXLgsX`n(}bA/VZjuMyC-QqYZ6DQGCAyBBnVTnnH\0*&I=Rei?nfFX`V%b7mctCCXS_0yJbfbI{M#!hX@kI:N\\tc&p#r\"r7V!P|3(,G6tf,axKzTB\r?-db\\@o\'`s5\0RC[?}MQXd4Q&KE)ME8W\ZXA7%P\0[\rzN\\eX,km;/VU$i3r~c|/a<O@F>+:AfN\rU5t^0m\rm9.QXxS_JrU~7g3Bjjjy<!=mHU5\"DCDFKh+b%VHx7^1/1W/],^.\\m61Whf$3OErh,C:L1[.]mF<M	OKC\n@,%RPAscbML!t`39Det[!]0Xc\",XKw[c2T/\nBS+\0\r1:\r	\0s\"\nMR:}{L4O\nv\ndHwn/<u	S-YcnH{eQ,7aF}+!\"y/xy>6@,l]]v@57gCtYj3eX!z<t)wm77ntt3f{@9fZ!Yh&ncx<1h}j\ZEY\Z;fs\0e#9o;2;tHt+\'\r^L%ao|[Lj u$cCdX9be;x+5ZS7\\$mk9%\Z;+?cq/,Tkq\nY*:CQV^,3GBNitX\'KM9bD`G72UaS7c&4Pz\Z*.ffwZe%R3QXb6l1*QGKJ*nUC7Ey\\p\Zio&ifVY`yv+W5@mo2)@j#$@Xec#iq|+eiQ-:qg(wSZ_t*jMq}kS;u,]T\Z 8v\\\0!n*jILt;E3px*\nS&h6H\"yC!ZN	,za3z/V E4!!N:o|-eP@#s\\L6IQK\Z$[WN>7)F6\nS;OZi]o!2)q(NC/=C[\n5`t;lU?yJ[@98Vkr7,b.2 VD.K\\onHE\0@3Y:-`IiC]$~xIY;d`iMRoKVi/J~zM5K;/;oF=~[W7m+$EE<3#JL)vV/edtE)7m70jYjkz\r9{n5\\E+BH!\"Z\Z--@WfFt\ZP[s78!hx@te\ZQ^Y^gZ{kQ~l5\\n:5X*)1Lu.3#P[+k7[(daBfqfnMpp	{K{\r}n=qU\nb\rcbTN7wAL\"UvI\n57Aw\\o\'V[\0ZQfeK>6#^hZ	7\'=Gs!VE`9R5e2)!=Y/>iuE)74;@{fG~Z+,&Td&+Zd;u@wfrLu9\"ZUk}<2wn`pXkRw\\=	>Ng	.pG/;g6G<5bHrd5s!vQg)l=4{%0=yr1U\ng|<C7<3<3<t3<3<C7<kl&KJKngyft7@w\nFw+.^R<3k6<?F]B7j+Wgyf=7}5se3&XcQ`mygJJK39g0nx73<sB}Uot<%VV<3p\\B7\'3<*<t3<\n3<3<-byY[jj*]nu\'zygnv@8aY Eev|.\'\\SciWSaAANN)RTaas5?xKex~~^^)GIqqS]ph({CpL,R]e%`f{SXFXEEEBRS]Fk7~i]?n=z2-f{>7n>rwEu^?n?-%%pbOLL_~q[0#X\\\04.h~zFX@17}Hj2)yE\nsUm^3\r9Xl` },(0ukDORS[=,8Lo	@|fZNfkj;Kkz9s?;\0h\079~A8=&%|@%D*o(#yrMTKn?cF>xb*RRfCOHhz#);l6|+EJbC;1v\r{\r?zrcG7_)E>y}Bp;*#xxm?z-S|3?zx4\ZR:cL+.}-S[F>Lr6y-tTV)i~j.`/_)uwQ(\n,<?{si>/8ss#{%4t]64y\\?S	%EpLxL~(wnO3~\r/|VV.7ggXQBU\Z`YY9O`n*Cg/!,A<smc_W,_gnaENo1ik\\gk\r`e&#?cnR[v,|wg\"D=C~F$XO!\Zhfniw_*XQp<{S-\0+e=r;dUx6W/ocw\'SkNF=tRg/..\\io4\nP~g\'&@T~?3UX9k5.Xq\ZyE1.KFB|L+*\07oM3g#VG?5	\\r%3{\0`#\\OQ\r\\ry}6 p\0wk^*N(oj,PY*G781(rW^<uA[\r=SJ,K\\dxagqTX@28E OGnHPvZiz8+#	n[2hj/o<TLkSrs1UV	8-{vuR.kv@\n8W525zbm\rER8oD}zEw;/{WJ).qGN}KY+lE}sT*i\'rl/GOurfwnQj;&\n}QTe=\0p<$7 \\Ro.A2[%Hm~wg\'vpbi(k8\\)OL3,*FT_~Eq8KR|QiJIGzM, |U_R)=;h8[+L#gS	Z#ZrN1-~p.DUFf:t\nx\n8K1\n\'Whr.}np3t~;B7WVVbvR.\"WXaR4zs]m+{yo*?	5MLiZ$/egH?vF}Cy}};3jjae(9$[k1Z	Y/{jg\r+nyDY3\'F7\0oe~X{nj<j)poOT~cJQbVe?xAw\"PaW`1#M\rKz!Jv~CFRfF?7b_~|r4A&.F\r.3F ;@c  Rw4!jI`-Q]j_rG(,<4D@fi\'~H]r[YdQO:Af&z5MaRRRf rd;qIzH:!\\ZV\"zr6s)g+~wF{X4R^NW*\rvowzz/VPs%[2UC3guwKg[\\ M!bHS-q>m:gmcDMo#o,uFE7}\Z).1QzYsxyVVK`aMUYo=ACkrE$rt[0!cYMPLl!_1V .+UK_9K>o\'Y8-uuy7i\\N:1%h?_y6bf;.%&5Kr,uC1!Bx)M,fslu?K\r%?/FbJmoW]@T=moBEKF8\nw-kW.G\'xnn\Zn8YC\n42B])\"epUan$YjlnO\"4+a+G<<v]\ne+WhSm\'^<;r)Vsz\\kk0UG$O[@(8Uy\ZEceeFVb4+\nfYoS]o@Z|,5n@m)o^jab*?3.b7Ovz]zht/I8d(7HZ)\\.mzJ.z_Oq\0-WR8ukHS# JGSITYjl/z9D\"MLaV:SV&\r\\<YE	N;$ftUU;ic:H=@m\n}s9m(S	co,Kqz3+mm,U5|W:s\'c\'Vn4=75ORFM\0\0\\\ZxZ_&eWR3i4g7HxJl\Z}Q0oxowb4_Jr.0>;Xp)\Z=`\n,1T:1FsSYZ*,K[m1\"\"t\r#;wWT@+&\0R|i|ubvR\0T?_vmI	Vsif3R\rbRsbBsZw4ooL\0;pmL/%P	#DzvY(rMF7	`>Y}WR]o*v)SA2.$V\'\';;bQ>5u\"SI7Su\\JX`n\"Le`A\\\ZS[N7}Y\Z8\Z~(,=i2WBj{N?/b!9,uqkjKb\07am\\N\0oa*5#}}\"S%1AI,k6FKtJ%\0};?dbS KOpkMYj\Z8\0949;>S7o\"z?/X+)iFWD3*7ej%Q($tui\\M TXt@G6I\"z&-8CT-F^N/gId+S1!]I\Zn&I\Z\\DHe\0s.p8-7d-$H&V^z^/*V28CD:O	]t#Y]QN1$BD2cP\\Jn3S9X.SWjoDtli\n)ENY^q\'C-Oh2!a\\;J#1&!I\r\nf*@%(^TH,E/zm+P,nB3\nTA/??QSSs=n2Y\0(+&\n4fL)8Yl.h@D4\"X:tm+.):(bhs_ZD7~!V]orz\0vbRK_]i~\\S:S\noQ}GLUE\'&PC6\'.)-nd0 E:=@<Zj*}Yjl~!,=RbO0oCy*\n/$P$\"enHq(WpP\0SQpy)Sr#beLRfkC$R]!ty`!zr*`\\|*_Z\\&VMEH)k;0!e$u\r\Z)vZ5JdutW+e)n;\\h4!]}kSDtC:qxqjd/]x\0)by,?T Dzof#4/$7t}F)o Nticg,pfi#Ly\0D	Jb`\rx3lo-<G#KJ9[t3Kiit5d&bQPMga4@=Tr#rb9=Xe-/_JoW&St#\\\06	J#1[D\\T^XlNJnfyxZC~@~Qp&w#`1R)rOnCbMFn6N7>=pFlrz6z>@B\\GDX8`d[.Z\Z7#%Ta*O\0SLq($pY<ZH87XanHYnJAzhKEK-hKX!}C,z;@vkme K^|DJ\rk];4\ZF=\"$,-!TG+o$R;M4\"Aa3%?I;i[~; BQ,VTr,Ln\Zm,DXaDC?*`\":,GNf\Zo@YX}HQwC*+/ctVNoMqs1\0Z\ntl{io-yEOYe&|5%w4Hr#h`k\\I`eO!vdd1bR.i4TpFR}_{-S~d|*nvre\rt\0g8V6[-R-fC3sxyxOnT38D?Ao5wst~aO?L\nKtwB\'80,w+|Yz5\n[R;[@E_}?zD5J,yKd\0\r{)un\01nNjFf;~m\"qT=^LvC@GujkTy.BR-$WNjXY\ZFi\"/\"^NOb\08PN>5ng&ZjFwsF.=MLf{aDxiDH3\ny7ae=f_Z/)/9e\'?@dXW^NDD~-\\W_.<3B.Yzr-qS)\0S0zFO,xcC!Cr7\"x9\'IY(IS02!j	\"1uZw<E5GoCH\0%rQ#?qS%b]rztOL4&4YSA7G)R`nfLN7UYoR.\nPmDn/wwt %HYl*\'\ZY\ZeCn]ZT._ZopYjwI+y#;&J-`;^\0`m*zF+Hh2vuooNBbS:.uC\nbquk-PerfR.\"JWyqZe=piH!Ce[>}p8,U=_[{>1-s\rlh<m(`J:?Re|,7%|7zOR\'z7;yJfsq|J\nBsM	L90^hOptY)vfbv4QbgT?u/$kBupLEo\'FaIweU<|B]cJ\0bB=\'oLgO7n\0KqtTbzwr A$,|z\'g:ux~=/,]=t\0jfL9 Z[`8#$\r%-,af+BX\06qXISz|y0^N$%:I\\G+Rq`\r`|\0UU>U4rfDdA5o:0hi$Qt!0etn>QV,1t[\\X\0nmoTlDSx9}$yK+}/\0ggb2%P\0CGg=fM?a9Gcz\n9fP/VFyEcihmwyA11lkvr>FdtH)\'G4TQ/mD#5\"orj9q_&qao 	rv+W\\~gP}n\Z$uL=A1ZO} Z}=[PM!Jnkl`@B	X]-	{3MBvW%n#KmF7FJoSw^FrKf\'.^X)S\n\\#_\rk#OUA\Zn6Xj1!GC\n-[]TL{OPU\r),f)%|7<XNoxS|>e?tozSwz]S90,+~n-(S$(Nzv_TfR\Z\rr>vdiay!!en	6\"H9Mhn\0pnNcFqJ5\'F<9l\0M\r9B1\"ibx\rZef5M/$@t2ZV^FO6Tj,`;g4VJYtf/Q*h*/2[#za\\@I6#wlH!d#f^?<*)	+_~`M,Xp?E>ZN9&<b4nL27Ya\0wJ)Y\"NY^^n?)it`Eo&13_`}}ysGGa-n27x\Zr]b#}.qtSQHdg\"X]{([px9M)}=/G`5)pV#fFn;^av3\'TLN7V\"nb<XN-/D,w)005;Q\n+mRXP^!ert;wt30E2z]tQ\r@i>h*cM:nvS~<	F4L-nxSx,NCDmN~G*&np\0SKt^W`)\\S/KB7[h*1/Z7$tGC\rx{-o.Ry`CC7QWZx)fJ1 ^qH %\rf.5#KomfoZ/%/rzx^63g_FoGi2mWEZklkF*U\"+8TPR\"\nW7RAY \"Ny!b5rqr>Jfyo@\n.cENR&o3\'h)eLTTfbS:nUb^oDnV\"2-t>x~,J`p#Iy#K9+I\Z,1 %f8X/HY7,ul!	^5T08FeeeGk)MD7D8rNXYqR`U\\d+l2`)q62T^zwS$\r7n\nY,\"Ny!gw#Os\\\r,8|\\LM3^\nCxvG%B\niptcVWb=YY,pv8.N(~*9-\\MXyVKZ]}CA0|QXPq~\0S^a_#H\n9$4X[x]B)+5/Pb9/O+#B)\nsTO\\pvl<[+*!XL<X,2%a8$\\`48hCvaaO,mQ`2qt<	e/{Y,8]<J\0j\Z*#x(3ib<^)<SOCBpbIR{	>;LeY8{N0HwQ+B\"r_+J0LXJd[cUR1\0:g	bcbdnf,5\rtHj1/,\\oZRa}N$[b|=\'dG7[v61,c,H\"&(2\nj)e6PHeo4\rtE#^s}6|eejX$?0\Z([;w9%mg=[zkMr3n?\ZEbd8YLl;\'x>n-\0/,kpq1[AE#[2w3xr\'w>I.cS},.13\"48a<`GaR/RihRq*@^?/0XNhszK=M[u]o}}q)5,oo#\r}^]=*1KE|{V`{T4\Z`*\nhz1n7M8B YRX*>{;K\0mu_csP<nN\'75~8;=Ozq{O@_	m</bcDx\")KV92}Yb^Qw^NWj|<f#IY)[:$vw`\\I.#r:Wj*^?_/	x4y](b\nKMJ]&K?$\'_\"@g3Kn8Kt+K5#tFei-[JTCd(gL[X\Zho3BQ+W=tFI}c8 LVh]+f\nIr?!?-krzTQ\rm6SY@_\rnw;#vufxVY|6w^B~O0UW@,*\\ec%D\nlv:v]hj5zF\"1Dc7dPO+rrH\"SJ\0fK-K?)x8)+,ul{J^nH5PcNEE\"L~(%g5q| k\\/\ne4wU*2qwo	A2F!K]E#T^tz++W\'.CU{p\"}<fIG+#dAhf\r7m\\D(\nv=*(n-4L[VnH#-\\2t>|h)9@N7I,mA>b&M\"-vYqeJcTpG n)\nny~kUty!-,q*3?]zQ_f=slm@{Q08=3I	stRf32#]-W76E/Nyk`7$X`QjF>/.*]|g\\FEJs\0/|m\\jL*o1~E8<rLZnM\"6rx%#?2(Q/h,W__6v /0Oos|!5u~:~?6Omy|c\"KM{Gw+b~`MhkwSj^nb}jWX}[]\rCS~*XKs6,	O:T|f=(!nrC=\"nh(7Y\"v`?\0nH	\\{_4;/~FQfebJuG#W9I5=|//m//-ggS\\*kQy;N(x=Dt!\'5%tEN7ovr& e_\\buF&n+S[od|Gp	^\'&2w\0nO}`\'iR\'/b+L7pg(\Z+*h{kthv agQ}w4Iqg*Qd#,6\Z,m\0}~9pk:k\0p&+pkjM;`w6i,Vvqq~	kV^pR8iWD\rZ<AV^kI9gw44P*#SI<C7A_lbzgb)BQ`:wD|\"WSaY_ipuMlpgO5uQIUY:c\"RA3p\'m%?Mj~V]zawPJ{Xgna1uY8wF\'\0[\Z+R	O]|-) Z0p`v\'H,rcUm(p#3mg3e6d+I<j6*dvn1+JzX{WRQZ;g=t#Ykgh@rzTb+/g5\n[lYDuug1nM^A\Z^24yXgfFz\rO] 3&v{\r~yYZaaM\Z-g1bMnF\rmJD+++pX/M3\ZtlC-\"?}s3<l>n|%E|>oy>q7JtV\\b9<.PSX(n}]`L7@AgEc]Jygxxgygygygynygyg_c?\0/\0\0\0\0IENDB`'),(3,'Lorem ipsum dolor sit amet, consectetuer adipiscing elit. Nam pellentesque odio et elit. Nam lobortis sem suscipit sapien. Sed iaculis aliquam sapien. Maecenas ut lectus. Aenean fringilla massa et metus. Nam varius, sapien nec egestas feugiat, mi libero dignissim orci, id fermentum quam nisl quis risus. Phasellus libero justo, aliquet quis, pellentesque vitae, porttitor quis, orci. Maecenas sollicitudin. Donec bibendum, ante quis sodales fermentum, quam risus placerat pede, nec aliquam lorem odio sit amet nisi. Ut sem tellus, feugiat vitae, lobortis nec, dapibus at, est. Aenean cursus. Vivamus faucibus lectus eget felis. Nullam commodo tortor vitae turpis.\n\nSed mollis interdum risus. Pellentesque ante velit, facilisis vitae, fermentum eu, feugiat sit amet, dui. Suspendisse tempus ullamcorper nisl. Suspendisse ullamcorper, velit non luctus gravida, massa turpis ullamcorper eros, sed dictum risus neque ut augue. Vestibulum neque nulla, pretium fermentum, rutrum vehicula, pulvinar at, est. Quisque dignissim. Nullam placerat neque vel urna. Quisque cursus lacus rutrum tortor. Nunc ut elit. Vestibulum mi nunc, volutpat id, tempor ut, scelerisque vel, magna. Aenean nisl nulla, rutrum sit amet, sollicitudin sed, molestie eget, nisi. Lorem ipsum dolor sit amet, consectetuer adipiscing elit. Class aptent taciti sociosqu ad litora torquent per conubia nostra, per inceptos himenaeos. In odio erat, bibendum eu, gravida nec, elementum sed, urna.\n\nAliquam ultricies viverra mi. Ut convallis urna quis urna. Sed sed tortor. Suspendisse quis tellus. Ut gravida. Ut facilisis lectus in purus. Sed at est non libero dignissim varius. Donec vestibulum odio ac felis. Duis interdum pellentesque nisl. Aenean leo. Curabitur lectus. Cum sociis natoque penatibus et magnis dis parturient montes, nascetur ridiculus mus. Duis nisl ligula, elementum vitae, posuere eu, semper eget, augue. Maecenas metus nulla, ullamcorper id, malesuada sit amet, mattis nec, lacus. Nam tortor.\n\nNam sollicitudin, lacus sit amet aliquam tempus, nulla tellus tempus velit, eu sollicitudin dolor dui et velit. In ac sem. Mauris adipiscing enim in felis. Morbi porttitor laoreet sapien. Nam felis dolor, laoreet sed, iaculis eu, vulputate eu, nunc. Nullam egestas ligula. Fusce ut sapien. Aliquam erat volutpat. Proin tristique scelerisque sem. Nullam non erat.\n\nSed feugiat, lacus in elementum egestas, sapien nulla sodales leo, nec scelerisque diam eros eu arcu. Phasellus ut magna. Cras dignissim pellentesque tellus. Curabitur sapien. Suspendisse a risus lobortis quam consectetuer placerat. Aliquam ultricies pretium tortor. Aliquam erat volutpat. Mauris nunc. Etiam vitae diam. Aenean a felis. Donec posuere, lacus in lacinia commodo, ligula lectus rutrum nibh, non dapibus sapien enim eu mauris. Pellentesque arcu risus, condimentum id, dapibus in, blandit ut, pede. Nulla facilisi. Vestibulum elit quam, fringilla convallis, congue lacinia, dictum at, velit. Vestibulum ante ipsum primis in faucibus orci luctus et ultrices posuere cubilia Curae; Sed augue mauris, commodo vel, tincidunt hendrerit, consectetuer eu, eros. \n'),(4,'Lorem ipsum dolor sit amet, consectetuer adipiscing elit. Nam pellentesque odio et elit. Nam lobortis sem suscipit sapien. Sed iaculis aliquam sapien. Maecenas ut lectus. Aenean fringilla massa et metus. Nam varius, sapien nec egestas feugiat, mi libero dignissim orci, id fermentum quam nisl quis risus. Phasellus libero justo, aliquet quis, pellentesque vitae, porttitor quis, orci. Maecenas sollicitudin. Donec bibendum, ante quis sodales fermentum, quam risus placerat pede, nec aliquam lorem odio sit amet nisi. Ut sem tellus, feugiat vitae, lobortis nec, dapibus at, est. Aenean cursus. Vivamus faucibus lectus eget felis. Nullam commodo tortor vitae turpis.\n\nSed mollis interdum risus. Pellentesque ante velit, facilisis vitae, fermentum eu, feugiat sit amet, dui. Suspendisse tempus ullamcorper nisl. Suspendisse ullamcorper, velit non luctus gravida, massa turpis ullamcorper eros, sed dictum risus neque ut augue. Vestibulum neque nulla, pretium fermentum, rutrum vehicula, pulvinar at, est. Quisque dignissim. Nullam placerat neque vel urna. Quisque cursus lacus rutrum tortor. Nunc ut elit. Vestibulum mi nunc, volutpat id, tempor ut, scelerisque vel, magna. Aenean nisl nulla, rutrum sit amet, sollicitudin sed, molestie eget, nisi. Lorem ipsum dolor sit amet, consectetuer adipiscing elit. Class aptent taciti sociosqu ad litora torquent per conubia nostra, per inceptos himenaeos. In odio erat, bibendum eu, gravida nec, elementum sed, urna.\n\nAliquam ultricies viverra mi. Ut convallis urna quis urna. Sed sed tortor. Suspendisse quis tellus. Ut gravida. Ut facilisis lectus in purus. Sed at est non libero dignissim varius. Donec vestibulum odio ac felis. Duis interdum pellentesque nisl. Aenean leo. Curabitur lectus. Cum sociis natoque penatibus et magnis dis parturient montes, nascetur ridiculus mus. Duis nisl ligula, elementum vitae, posuere eu, semper eget, augue. Maecenas metus nulla, ullamcorper id, malesuada sit amet, mattis nec, lacus. Nam tortor.\n\nNam sollicitudin, lacus sit amet aliquam tempus, nulla tellus tempus velit, eu sollicitudin dolor dui et velit. In ac sem. Mauris adipiscing enim in felis. Morbi porttitor laoreet sapien. Nam felis dolor, laoreet sed, iaculis eu, vulputate eu, nunc. Nullam egestas ligula. Fusce ut sapien. Aliquam erat volutpat. Proin tristique scelerisque sem. Nullam non erat.\n\nSed feugiat, lacus in elementum egestas, sapien nulla sodales leo, nec scelerisque diam eros eu arcu. Phasellus ut magna. Cras dignissim pellentesque tellus. Curabitur sapien. Suspendisse a risus lobortis quam consectetuer placerat. Aliquam ultricies pretium tortor. Aliquam erat volutpat. Mauris nunc. Etiam vitae diam. Aenean a felis. Donec posuere, lacus in lacinia commodo, ligula lectus rutrum nibh, non dapibus sapien enim eu mauris. Pellentesque arcu risus, condimentum id, dapibus in, blandit ut, pede. Nulla facilisi. Vestibulum elit quam, fringilla convallis, congue lacinia, dictum at, velit. Vestibulum ante ipsum primis in faucibus orci luctus et ultrices posuere cubilia Curae; Sed augue mauris, commodo vel, tincidunt hendrerit, consectetuer eu, eros. \n'),(5,'Lorem ipsum dolor sit amet, consectetuer adipiscing elit. Nam pellentesque odio et elit. Nam lobortis sem suscipit sapien. Sed iaculis aliquam sapien. Maecenas ut lectus. Aenean fringilla massa et metus. Nam varius, sapien nec egestas feugiat, mi libero dignissim orci, id fermentum quam nisl quis risus. Phasellus libero justo, aliquet quis, pellentesque vitae, porttitor quis, orci. Maecenas sollicitudin. Donec bibendum, ante quis sodales fermentum, quam risus placerat pede, nec aliquam lorem odio sit amet nisi. Ut sem tellus, feugiat vitae, lobortis nec, dapibus at, est. Aenean cursus. Vivamus faucibus lectus eget felis. Nullam commodo tortor vitae turpis.\n\nSed mollis interdum risus. Pellentesque ante velit, facilisis vitae, fermentum eu, feugiat sit amet, dui. Suspendisse tempus ullamcorper nisl. Suspendisse ullamcorper, velit non luctus gravida, massa turpis ullamcorper eros, sed dictum risus neque ut augue. Vestibulum neque nulla, pretium fermentum, rutrum vehicula, pulvinar at, est. Quisque dignissim. Nullam placerat neque vel urna. Quisque cursus lacus rutrum tortor. Nunc ut elit. Vestibulum mi nunc, volutpat id, tempor ut, scelerisque vel, magna. Aenean nisl nulla, rutrum sit amet, sollicitudin sed, molestie eget, nisi. Lorem ipsum dolor sit amet, consectetuer adipiscing elit. Class aptent taciti sociosqu ad litora torquent per conubia nostra, per inceptos himenaeos. In odio erat, bibendum eu, gravida nec, elementum sed, urna.\n\nAliquam ultricies viverra mi. Ut convallis urna quis urna. Sed sed tortor. Suspendisse quis tellus. Ut gravida. Ut facilisis lectus in purus. Sed at est non libero dignissim varius. Donec vestibulum odio ac felis. Duis interdum pellentesque nisl. Aenean leo. Curabitur lectus. Cum sociis natoque penatibus et magnis dis parturient montes, nascetur ridiculus mus. Duis nisl ligula, elementum vitae, posuere eu, semper eget, augue. Maecenas metus nulla, ullamcorper id, malesuada sit amet, mattis nec, lacus. Nam tortor.\n\nNam sollicitudin, lacus sit amet aliquam tempus, nulla tellus tempus velit, eu sollicitudin dolor dui et velit. In ac sem. Mauris adipiscing enim in felis. Morbi porttitor laoreet sapien. Nam felis dolor, laoreet sed, iaculis eu, vulputate eu, nunc. Nullam egestas ligula. Fusce ut sapien. Aliquam erat volutpat. Proin tristique scelerisque sem. Nullam non erat.\n\nSed feugiat, lacus in elementum egestas, sapien nulla sodales leo, nec scelerisque diam eros eu arcu. Phasellus ut magna. Cras dignissim pellentesque tellus. Curabitur sapien. Suspendisse a risus lobortis quam consectetuer placerat. Aliquam ultricies pretium tortor. Aliquam erat volutpat. Mauris nunc. Etiam vitae diam. Aenean a felis. Donec posuere, lacus in lacinia commodo, ligula lectus rutrum nibh, non dapibus sapien enim eu mauris. Pellentesque arcu risus, condimentum id, dapibus in, blandit ut, pede. Nulla facilisi. Vestibulum elit quam, fringilla convallis, congue lacinia, dictum at, velit. Vestibulum ante ipsum primis in faucibus orci luctus et ultrices posuere cubilia Curae; Sed augue mauris, commodo vel, tincidunt hendrerit, consectetuer eu, eros. \n'),(6,'Lorem ipsum dolor sit amet, consectetuer adipiscing elit. Nam pellentesque odio et elit. Nam lobortis sem suscipit sapien. Sed iaculis aliquam sapien. Maecenas ut lectus. Aenean fringilla massa et metus. Nam varius, sapien nec egestas feugiat, mi libero dignissim orci, id fermentum quam nisl quis risus. Phasellus libero justo, aliquet quis, pellentesque vitae, porttitor quis, orci. Maecenas sollicitudin. Donec bibendum, ante quis sodales fermentum, quam risus placerat pede, nec aliquam lorem odio sit amet nisi. Ut sem tellus, feugiat vitae, lobortis nec, dapibus at, est. Aenean cursus. Vivamus faucibus lectus eget felis. Nullam commodo tortor vitae turpis.\n\nSed mollis interdum risus. Pellentesque ante velit, facilisis vitae, fermentum eu, feugiat sit amet, dui. Suspendisse tempus ullamcorper nisl. Suspendisse ullamcorper, velit non luctus gravida, massa turpis ullamcorper eros, sed dictum risus neque ut augue. Vestibulum neque nulla, pretium fermentum, rutrum vehicula, pulvinar at, est. Quisque dignissim. Nullam placerat neque vel urna. Quisque cursus lacus rutrum tortor. Nunc ut elit. Vestibulum mi nunc, volutpat id, tempor ut, scelerisque vel, magna. Aenean nisl nulla, rutrum sit amet, sollicitudin sed, molestie eget, nisi. Lorem ipsum dolor sit amet, consectetuer adipiscing elit. Class aptent taciti sociosqu ad litora torquent per conubia nostra, per inceptos himenaeos. In odio erat, bibendum eu, gravida nec, elementum sed, urna.\n\nAliquam ultricies viverra mi. Ut convallis urna quis urna. Sed sed tortor. Suspendisse quis tellus. Ut gravida. Ut facilisis lectus in purus. Sed at est non libero dignissim varius. Donec vestibulum odio ac felis. Duis interdum pellentesque nisl. Aenean leo. Curabitur lectus. Cum sociis natoque penatibus et magnis dis parturient montes, nascetur ridiculus mus. Duis nisl ligula, elementum vitae, posuere eu, semper eget, augue. Maecenas metus nulla, ullamcorper id, malesuada sit amet, mattis nec, lacus. Nam tortor.\n\nNam sollicitudin, lacus sit amet aliquam tempus, nulla tellus tempus velit, eu sollicitudin dolor dui et velit. In ac sem. Mauris adipiscing enim in felis. Morbi porttitor laoreet sapien. Nam felis dolor, laoreet sed, iaculis eu, vulputate eu, nunc. Nullam egestas ligula. Fusce ut sapien. Aliquam erat volutpat. Proin tristique scelerisque sem. Nullam non erat.\n\nSed feugiat, lacus in elementum egestas, sapien nulla sodales leo, nec scelerisque diam eros eu arcu. Phasellus ut magna. Cras dignissim pellentesque tellus. Curabitur sapien. Suspendisse a risus lobortis quam consectetuer placerat. Aliquam ultricies pretium tortor. Aliquam erat volutpat. Mauris nunc. Etiam vitae diam. Aenean a felis. Donec posuere, lacus in lacinia commodo, ligula lectus rutrum nibh, non dapibus sapien enim eu mauris. Pellentesque arcu risus, condimentum id, dapibus in, blandit ut, pede. Nulla facilisi. Vestibulum elit quam, fringilla convallis, congue lacinia, dictum at, velit. Vestibulum ante ipsum primis in faucibus orci luctus et ultrices posuere cubilia Curae; Sed augue mauris, commodo vel, tincidunt hendrerit, consectetuer eu, eros. \n'),(7,'Lorem ipsum dolor sit amet, consectetuer adipiscing elit. Nam pellentesque odio et elit. Nam lobortis sem suscipit sapien. Sed iaculis aliquam sapien. Maecenas ut lectus. Aenean fringilla massa et metus. Nam varius, sapien nec egestas feugiat, mi libero dignissim orci, id fermentum quam nisl quis risus. Phasellus libero justo, aliquet quis, pellentesque vitae, porttitor quis, orci. Maecenas sollicitudin. Donec bibendum, ante quis sodales fermentum, quam risus placerat pede, nec aliquam lorem odio sit amet nisi. Ut sem tellus, feugiat vitae, lobortis nec, dapibus at, est. Aenean cursus. Vivamus faucibus lectus eget felis. Nullam commodo tortor vitae turpis.\n\nSed mollis interdum risus. Pellentesque ante velit, facilisis vitae, fermentum eu, feugiat sit amet, dui. Suspendisse tempus ullamcorper nisl. Suspendisse ullamcorper, velit non luctus gravida, massa turpis ullamcorper eros, sed dictum risus neque ut augue. Vestibulum neque nulla, pretium fermentum, rutrum vehicula, pulvinar at, est. Quisque dignissim. Nullam placerat neque vel urna. Quisque cursus lacus rutrum tortor. Nunc ut elit. Vestibulum mi nunc, volutpat id, tempor ut, scelerisque vel, magna. Aenean nisl nulla, rutrum sit amet, sollicitudin sed, molestie eget, nisi. Lorem ipsum dolor sit amet, consectetuer adipiscing elit. Class aptent taciti sociosqu ad litora torquent per conubia nostra, per inceptos himenaeos. In odio erat, bibendum eu, gravida nec, elementum sed, urna.\n\nAliquam ultricies viverra mi. Ut convallis urna quis urna. Sed sed tortor. Suspendisse quis tellus. Ut gravida. Ut facilisis lectus in purus. Sed at est non libero dignissim varius. Donec vestibulum odio ac felis. Duis interdum pellentesque nisl. Aenean leo. Curabitur lectus. Cum sociis natoque penatibus et magnis dis parturient montes, nascetur ridiculus mus. Duis nisl ligula, elementum vitae, posuere eu, semper eget, augue. Maecenas metus nulla, ullamcorper id, malesuada sit amet, mattis nec, lacus. Nam tortor.\n\nNam sollicitudin, lacus sit amet aliquam tempus, nulla tellus tempus velit, eu sollicitudin dolor dui et velit. In ac sem. Mauris adipiscing enim in felis. Morbi porttitor laoreet sapien. Nam felis dolor, laoreet sed, iaculis eu, vulputate eu, nunc. Nullam egestas ligula. Fusce ut sapien. Aliquam erat volutpat. Proin tristique scelerisque sem. Nullam non erat.\n\nSed feugiat, lacus in elementum egestas, sapien nulla sodales leo, nec scelerisque diam eros eu arcu. Phasellus ut magna. Cras dignissim pellentesque tellus. Curabitur sapien. Suspendisse a risus lobortis quam consectetuer placerat. Aliquam ultricies pretium tortor. Aliquam erat volutpat. Mauris nunc. Etiam vitae diam. Aenean a felis. Donec posuere, lacus in lacinia commodo, ligula lectus rutrum nibh, non dapibus sapien enim eu mauris. Pellentesque arcu risus, condimentum id, dapibus in, blandit ut, pede. Nulla facilisi. Vestibulum elit quam, fringilla convallis, congue lacinia, dictum at, velit. Vestibulum ante ipsum primis in faucibus orci luctus et ultrices posuere cubilia Curae; Sed augue mauris, commodo vel, tincidunt hendrerit, consectetuer eu, eros. \n'),(8,'Lorem ipsum dolor sit amet, consectetuer adipiscing elit. Nam pellentesque odio et elit. Nam lobortis sem suscipit sapien. Sed iaculis aliquam sapien. Maecenas ut lectus. Aenean fringilla massa et metus. Nam varius, sapien nec egestas feugiat, mi libero dignissim orci, id fermentum quam nisl quis risus. Phasellus libero justo, aliquet quis, pellentesque vitae, porttitor quis, orci. Maecenas sollicitudin. Donec bibendum, ante quis sodales fermentum, quam risus placerat pede, nec aliquam lorem odio sit amet nisi. Ut sem tellus, feugiat vitae, lobortis nec, dapibus at, est. Aenean cursus. Vivamus faucibus lectus eget felis. Nullam commodo tortor vitae turpis.\n\nSed mollis interdum risus. Pellentesque ante velit, facilisis vitae, fermentum eu, feugiat sit amet, dui. Suspendisse tempus ullamcorper nisl. Suspendisse ullamcorper, velit non luctus gravida, massa turpis ullamcorper eros, sed dictum risus neque ut augue. Vestibulum neque nulla, pretium fermentum, rutrum vehicula, pulvinar at, est. Quisque dignissim. Nullam placerat neque vel urna. Quisque cursus lacus rutrum tortor. Nunc ut elit. Vestibulum mi nunc, volutpat id, tempor ut, scelerisque vel, magna. Aenean nisl nulla, rutrum sit amet, sollicitudin sed, molestie eget, nisi. Lorem ipsum dolor sit amet, consectetuer adipiscing elit. Class aptent taciti sociosqu ad litora torquent per conubia nostra, per inceptos himenaeos. In odio erat, bibendum eu, gravida nec, elementum sed, urna.\n\nAliquam ultricies viverra mi. Ut convallis urna quis urna. Sed sed tortor. Suspendisse quis tellus. Ut gravida. Ut facilisis lectus in purus. Sed at est non libero dignissim varius. Donec vestibulum odio ac felis. Duis interdum pellentesque nisl. Aenean leo. Curabitur lectus. Cum sociis natoque penatibus et magnis dis parturient montes, nascetur ridiculus mus. Duis nisl ligula, elementum vitae, posuere eu, semper eget, augue. Maecenas metus nulla, ullamcorper id, malesuada sit amet, mattis nec, lacus. Nam tortor.\n\nNam sollicitudin, lacus sit amet aliquam tempus, nulla tellus tempus velit, eu sollicitudin dolor dui et velit. In ac sem. Mauris adipiscing enim in felis. Morbi porttitor laoreet sapien. Nam felis dolor, laoreet sed, iaculis eu, vulputate eu, nunc. Nullam egestas ligula. Fusce ut sapien. Aliquam erat volutpat. Proin tristique scelerisque sem. Nullam non erat.\n\nSed feugiat, lacus in elementum egestas, sapien nulla sodales leo, nec scelerisque diam eros eu arcu. Phasellus ut magna. Cras dignissim pellentesque tellus. Curabitur sapien. Suspendisse a risus lobortis quam consectetuer placerat. Aliquam ultricies pretium tortor. Aliquam erat volutpat. Mauris nunc. Etiam vitae diam. Aenean a felis. Donec posuere, lacus in lacinia commodo, ligula lectus rutrum nibh, non dapibus sapien enim eu mauris. Pellentesque arcu risus, condimentum id, dapibus in, blandit ut, pede. Nulla facilisi. Vestibulum elit quam, fringilla convallis, congue lacinia, dictum at, velit. Vestibulum ante ipsum primis in faucibus orci luctus et ultrices posuere cubilia Curae; Sed augue mauris, commodo vel, tincidunt hendrerit, consectetuer eu, eros. \n'),(9,'Lorem ipsum dolor sit amet, consectetuer adipiscing elit. Nam pellentesque odio et elit. Nam lobortis sem suscipit sapien. Sed iaculis aliquam sapien. Maecenas ut lectus. Aenean fringilla massa et metus. Nam varius, sapien nec egestas feugiat, mi libero dignissim orci, id fermentum quam nisl quis risus. Phasellus libero justo, aliquet quis, pellentesque vitae, porttitor quis, orci. Maecenas sollicitudin. Donec bibendum, ante quis sodales fermentum, quam risus placerat pede, nec aliquam lorem odio sit amet nisi. Ut sem tellus, feugiat vitae, lobortis nec, dapibus at, est. Aenean cursus. Vivamus faucibus lectus eget felis. Nullam commodo tortor vitae turpis.\n\nSed mollis interdum risus. Pellentesque ante velit, facilisis vitae, fermentum eu, feugiat sit amet, dui. Suspendisse tempus ullamcorper nisl. Suspendisse ullamcorper, velit non luctus gravida, massa turpis ullamcorper eros, sed dictum risus neque ut augue. Vestibulum neque nulla, pretium fermentum, rutrum vehicula, pulvinar at, est. Quisque dignissim. Nullam placerat neque vel urna. Quisque cursus lacus rutrum tortor. Nunc ut elit. Vestibulum mi nunc, volutpat id, tempor ut, scelerisque vel, magna. Aenean nisl nulla, rutrum sit amet, sollicitudin sed, molestie eget, nisi. Lorem ipsum dolor sit amet, consectetuer adipiscing elit. Class aptent taciti sociosqu ad litora torquent per conubia nostra, per inceptos himenaeos. In odio erat, bibendum eu, gravida nec, elementum sed, urna.\n\nAliquam ultricies viverra mi. Ut convallis urna quis urna. Sed sed tortor. Suspendisse quis tellus. Ut gravida. Ut facilisis lectus in purus. Sed at est non libero dignissim varius. Donec vestibulum odio ac felis. Duis interdum pellentesque nisl. Aenean leo. Curabitur lectus. Cum sociis natoque penatibus et magnis dis parturient montes, nascetur ridiculus mus. Duis nisl ligula, elementum vitae, posuere eu, semper eget, augue. Maecenas metus nulla, ullamcorper id, malesuada sit amet, mattis nec, lacus. Nam tortor.\n\nNam sollicitudin, lacus sit amet aliquam tempus, nulla tellus tempus velit, eu sollicitudin dolor dui et velit. In ac sem. Mauris adipiscing enim in felis. Morbi porttitor laoreet sapien. Nam felis dolor, laoreet sed, iaculis eu, vulputate eu, nunc. Nullam egestas ligula. Fusce ut sapien. Aliquam erat volutpat. Proin tristique scelerisque sem. Nullam non erat.\n\nSed feugiat, lacus in elementum egestas, sapien nulla sodales leo, nec scelerisque diam eros eu arcu. Phasellus ut magna. Cras dignissim pellentesque tellus. Curabitur sapien. Suspendisse a risus lobortis quam consectetuer placerat. Aliquam ultricies pretium tortor. Aliquam erat volutpat. Mauris nunc. Etiam vitae diam. Aenean a felis. Donec posuere, lacus in lacinia commodo, ligula lectus rutrum nibh, non dapibus sapien enim eu mauris. Pellentesque arcu risus, condimentum id, dapibus in, blandit ut, pede. Nulla facilisi. Vestibulum elit quam, fringilla convallis, congue lacinia, dictum at, velit. Vestibulum ante ipsum primis in faucibus orci luctus et ultrices posuere cubilia Curae; Sed augue mauris, commodo vel, tincidunt hendrerit, consectetuer eu, eros. \n'),(10,'Lorem ipsum dolor sit amet, consectetuer adipiscing elit. Nam pellentesque odio et elit. Nam lobortis sem suscipit sapien. Sed iaculis aliquam sapien. Maecenas ut lectus. Aenean fringilla massa et metus. Nam varius, sapien nec egestas feugiat, mi libero dignissim orci, id fermentum quam nisl quis risus. Phasellus libero justo, aliquet quis, pellentesque vitae, porttitor quis, orci. Maecenas sollicitudin. Donec bibendum, ante quis sodales fermentum, quam risus placerat pede, nec aliquam lorem odio sit amet nisi. Ut sem tellus, feugiat vitae, lobortis nec, dapibus at, est. Aenean cursus. Vivamus faucibus lectus eget felis. Nullam commodo tortor vitae turpis.\n\nSed mollis interdum risus. Pellentesque ante velit, facilisis vitae, fermentum eu, feugiat sit amet, dui. Suspendisse tempus ullamcorper nisl. Suspendisse ullamcorper, velit non luctus gravida, massa turpis ullamcorper eros, sed dictum risus neque ut augue. Vestibulum neque nulla, pretium fermentum, rutrum vehicula, pulvinar at, est. Quisque dignissim. Nullam placerat neque vel urna. Quisque cursus lacus rutrum tortor. Nunc ut elit. Vestibulum mi nunc, volutpat id, tempor ut, scelerisque vel, magna. Aenean nisl nulla, rutrum sit amet, sollicitudin sed, molestie eget, nisi. Lorem ipsum dolor sit amet, consectetuer adipiscing elit. Class aptent taciti sociosqu ad litora torquent per conubia nostra, per inceptos himenaeos. In odio erat, bibendum eu, gravida nec, elementum sed, urna.\n\nAliquam ultricies viverra mi. Ut convallis urna quis urna. Sed sed tortor. Suspendisse quis tellus. Ut gravida. Ut facilisis lectus in purus. Sed at est non libero dignissim varius. Donec vestibulum odio ac felis. Duis interdum pellentesque nisl. Aenean leo. Curabitur lectus. Cum sociis natoque penatibus et magnis dis parturient montes, nascetur ridiculus mus. Duis nisl ligula, elementum vitae, posuere eu, semper eget, augue. Maecenas metus nulla, ullamcorper id, malesuada sit amet, mattis nec, lacus. Nam tortor.\n\nNam sollicitudin, lacus sit amet aliquam tempus, nulla tellus tempus velit, eu sollicitudin dolor dui et velit. In ac sem. Mauris adipiscing enim in felis. Morbi porttitor laoreet sapien. Nam felis dolor, laoreet sed, iaculis eu, vulputate eu, nunc. Nullam egestas ligula. Fusce ut sapien. Aliquam erat volutpat. Proin tristique scelerisque sem. Nullam non erat.\n\nSed feugiat, lacus in elementum egestas, sapien nulla sodales leo, nec scelerisque diam eros eu arcu. Phasellus ut magna. Cras dignissim pellentesque tellus. Curabitur sapien. Suspendisse a risus lobortis quam consectetuer placerat. Aliquam ultricies pretium tortor. Aliquam erat volutpat. Mauris nunc. Etiam vitae diam. Aenean a felis. Donec posuere, lacus in lacinia commodo, ligula lectus rutrum nibh, non dapibus sapien enim eu mauris. Pellentesque arcu risus, condimentum id, dapibus in, blandit ut, pede. Nulla facilisi. Vestibulum elit quam, fringilla convallis, congue lacinia, dictum at, velit. Vestibulum ante ipsum primis in faucibus orci luctus et ultrices posuere cubilia Curae; Sed augue mauris, commodo vel, tincidunt hendrerit, consectetuer eu, eros. \n'),(11,'Lorem ipsum dolor sit amet, consectetuer adipiscing elit. Nam pellentesque odio et elit. Nam lobortis sem suscipit sapien. Sed iaculis aliquam sapien. Maecenas ut lectus. Aenean fringilla massa et metus. Nam varius, sapien nec egestas feugiat, mi libero dignissim orci, id fermentum quam nisl quis risus. Phasellus libero justo, aliquet quis, pellentesque vitae, porttitor quis, orci. Maecenas sollicitudin. Donec bibendum, ante quis sodales fermentum, quam risus placerat pede, nec aliquam lorem odio sit amet nisi. Ut sem tellus, feugiat vitae, lobortis nec, dapibus at, est. Aenean cursus. Vivamus faucibus lectus eget felis. Nullam commodo tortor vitae turpis.\n\nSed mollis interdum risus. Pellentesque ante velit, facilisis vitae, fermentum eu, feugiat sit amet, dui. Suspendisse tempus ullamcorper nisl. Suspendisse ullamcorper, velit non luctus gravida, massa turpis ullamcorper eros, sed dictum risus neque ut augue. Vestibulum neque nulla, pretium fermentum, rutrum vehicula, pulvinar at, est. Quisque dignissim. Nullam placerat neque vel urna. Quisque cursus lacus rutrum tortor. Nunc ut elit. Vestibulum mi nunc, volutpat id, tempor ut, scelerisque vel, magna. Aenean nisl nulla, rutrum sit amet, sollicitudin sed, molestie eget, nisi. Lorem ipsum dolor sit amet, consectetuer adipiscing elit. Class aptent taciti sociosqu ad litora torquent per conubia nostra, per inceptos himenaeos. In odio erat, bibendum eu, gravida nec, elementum sed, urna.\n\nAliquam ultricies viverra mi. Ut convallis urna quis urna. Sed sed tortor. Suspendisse quis tellus. Ut gravida. Ut facilisis lectus in purus. Sed at est non libero dignissim varius. Donec vestibulum odio ac felis. Duis interdum pellentesque nisl. Aenean leo. Curabitur lectus. Cum sociis natoque penatibus et magnis dis parturient montes, nascetur ridiculus mus. Duis nisl ligula, elementum vitae, posuere eu, semper eget, augue. Maecenas metus nulla, ullamcorper id, malesuada sit amet, mattis nec, lacus. Nam tortor.\n\nNam sollicitudin, lacus sit amet aliquam tempus, nulla tellus tempus velit, eu sollicitudin dolor dui et velit. In ac sem. Mauris adipiscing enim in felis. Morbi porttitor laoreet sapien. Nam felis dolor, laoreet sed, iaculis eu, vulputate eu, nunc. Nullam egestas ligula. Fusce ut sapien. Aliquam erat volutpat. Proin tristique scelerisque sem. Nullam non erat.\n\nSed feugiat, lacus in elementum egestas, sapien nulla sodales leo, nec scelerisque diam eros eu arcu. Phasellus ut magna. Cras dignissim pellentesque tellus. Curabitur sapien. Suspendisse a risus lobortis quam consectetuer placerat. Aliquam ultricies pretium tortor. Aliquam erat volutpat. Mauris nunc. Etiam vitae diam. Aenean a felis. Donec posuere, lacus in lacinia commodo, ligula lectus rutrum nibh, non dapibus sapien enim eu mauris. Pellentesque arcu risus, condimentum id, dapibus in, blandit ut, pede. Nulla facilisi. Vestibulum elit quam, fringilla convallis, congue lacinia, dictum at, velit. Vestibulum ante ipsum primis in faucibus orci luctus et ultrices posuere cubilia Curae; Sed augue mauris, commodo vel, tincidunt hendrerit, consectetuer eu, eros. \n'),(12,'Lorem ipsum dolor sit amet, consectetuer adipiscing elit. Nam pellentesque odio et elit. Nam lobortis sem suscipit sapien. Sed iaculis aliquam sapien. Maecenas ut lectus. Aenean fringilla massa et metus. Nam varius, sapien nec egestas feugiat, mi libero dignissim orci, id fermentum quam nisl quis risus. Phasellus libero justo, aliquet quis, pellentesque vitae, porttitor quis, orci. Maecenas sollicitudin. Donec bibendum, ante quis sodales fermentum, quam risus placerat pede, nec aliquam lorem odio sit amet nisi. Ut sem tellus, feugiat vitae, lobortis nec, dapibus at, est. Aenean cursus. Vivamus faucibus lectus eget felis. Nullam commodo tortor vitae turpis.\n\nSed mollis interdum risus. Pellentesque ante velit, facilisis vitae, fermentum eu, feugiat sit amet, dui. Suspendisse tempus ullamcorper nisl. Suspendisse ullamcorper, velit non luctus gravida, massa turpis ullamcorper eros, sed dictum risus neque ut augue. Vestibulum neque nulla, pretium fermentum, rutrum vehicula, pulvinar at, est. Quisque dignissim. Nullam placerat neque vel urna. Quisque cursus lacus rutrum tortor. Nunc ut elit. Vestibulum mi nunc, volutpat id, tempor ut, scelerisque vel, magna. Aenean nisl nulla, rutrum sit amet, sollicitudin sed, molestie eget, nisi. Lorem ipsum dolor sit amet, consectetuer adipiscing elit. Class aptent taciti sociosqu ad litora torquent per conubia nostra, per inceptos himenaeos. In odio erat, bibendum eu, gravida nec, elementum sed, urna.\n\nAliquam ultricies viverra mi. Ut convallis urna quis urna. Sed sed tortor. Suspendisse quis tellus. Ut gravida. Ut facilisis lectus in purus. Sed at est non libero dignissim varius. Donec vestibulum odio ac felis. Duis interdum pellentesque nisl. Aenean leo. Curabitur lectus. Cum sociis natoque penatibus et magnis dis parturient montes, nascetur ridiculus mus. Duis nisl ligula, elementum vitae, posuere eu, semper eget, augue. Maecenas metus nulla, ullamcorper id, malesuada sit amet, mattis nec, lacus. Nam tortor.\n\nNam sollicitudin, lacus sit amet aliquam tempus, nulla tellus tempus velit, eu sollicitudin dolor dui et velit. In ac sem. Mauris adipiscing enim in felis. Morbi porttitor laoreet sapien. Nam felis dolor, laoreet sed, iaculis eu, vulputate eu, nunc. Nullam egestas ligula. Fusce ut sapien. Aliquam erat volutpat. Proin tristique scelerisque sem. Nullam non erat.\n\nSed feugiat, lacus in elementum egestas, sapien nulla sodales leo, nec scelerisque diam eros eu arcu. Phasellus ut magna. Cras dignissim pellentesque tellus. Curabitur sapien. Suspendisse a risus lobortis quam consectetuer placerat. Aliquam ultricies pretium tortor. Aliquam erat volutpat. Mauris nunc. Etiam vitae diam. Aenean a felis. Donec posuere, lacus in lacinia commodo, ligula lectus rutrum nibh, non dapibus sapien enim eu mauris. Pellentesque arcu risus, condimentum id, dapibus in, blandit ut, pede. Nulla facilisi. Vestibulum elit quam, fringilla convallis, congue lacinia, dictum at, velit. Vestibulum ante ipsum primis in faucibus orci luctus et ultrices posuere cubilia Curae; Sed augue mauris, commodo vel, tincidunt hendrerit, consectetuer eu, eros. \n');
/*!40000 ALTER TABLE `test_attachment_data` ENABLE KEYS */;
UNLOCK TABLES;

--
-- Table structure for table `test_attachments`
--

DROP TABLE IF EXISTS `test_attachments`;
CREATE TABLE `test_attachments` (
  `attachment_id` int(11) NOT NULL auto_increment,
  `submitter_id` mediumint(9) NOT NULL,
  `description` mediumtext,
  `filename` mediumtext,
  `creation_ts` datetime NOT NULL,
  `mime_type` varchar(100) NOT NULL,
  PRIMARY KEY  (`attachment_id`),
  KEY `test_attachments_submitter_idx` (`submitter_id`)
) ENGINE=MyISAM AUTO_INCREMENT=13 DEFAULT CHARSET=utf8;

--
-- Dumping data for table `test_attachments`
--

LOCK TABLES `test_attachments` WRITE;
/*!40000 ALTER TABLE `test_attachments` DISABLE KEYS */;
INSERT INTO `test_attachments` VALUES (1,1,'PUBLIC PLAN ATTACHMENT ASCII','LOREM.TXT','2008-05-01 16:54:37','text/plain'),(2,1,'PUBLIC PLAN ATTACHMENT BINARY','testopia_city_512.png','2008-05-01 16:56:44','image/png'),(3,1,'Attachment','LOREM.TXT','2008-05-02 14:20:00','text/plain'),(4,1,'Attachment','LOREM.TXT','2008-05-02 14:20:08','text/plain'),(5,1,'Attachment','LOREM.TXT','2008-05-02 14:20:12','text/plain'),(6,1,'Attachment','LOREM.TXT','2008-05-02 14:20:20','text/plain'),(7,1,'Attachment','LOREM.TXT','2008-05-02 14:20:23','text/plain'),(8,1,'Attachment','LOREM.TXT','2008-05-02 14:20:26','text/plain'),(9,1,'Attachment','LOREM.TXT','2008-05-02 14:20:36','text/plain'),(10,1,'Attachment','LOREM.TXT','2008-05-02 14:21:02','text/plain'),(11,1,'Attachment','LOREM.TXT','2008-05-02 14:21:06','text/plain'),(12,1,'Attachment','LOREM.TXT','2008-05-02 14:21:14','text/plain');
/*!40000 ALTER TABLE `test_attachments` ENABLE KEYS */;
UNLOCK TABLES;

--
-- Table structure for table `test_builds`
--

DROP TABLE IF EXISTS `test_builds`;
CREATE TABLE `test_builds` (
  `build_id` int(11) NOT NULL auto_increment,
  `product_id` smallint(6) NOT NULL,
  `milestone` varchar(20) default NULL,
  `name` varchar(255) default NULL,
  `description` text,
  `isactive` tinyint(4) NOT NULL default '1',
  PRIMARY KEY  (`build_id`),
  UNIQUE KEY `build_prod_idx` (`build_id`,`product_id`),
  UNIQUE KEY `build_product_id_name_idx` (`product_id`,`name`),
  KEY `build_name_idx` (`name`),
  KEY `build_milestone_idx` (`milestone`)
) ENGINE=MyISAM AUTO_INCREMENT=9 DEFAULT CHARSET=utf8;

--
-- Dumping data for table `test_builds`
--

LOCK TABLES `test_builds` WRITE;
/*!40000 ALTER TABLE `test_builds` DISABLE KEYS */;
INSERT INTO `test_builds` VALUES (1,2,'PRIVATE M1','PRIVATE ACTIVE BUILD 1','Private Visible Build',1),(2,2,'PRIVATE M1','PRIVATE INACTIVE BUILD','Private Visible Build',0),(3,3,'PARTNER M1','PARTNER ACTIVE BUILD 1','Partner Visible Build',1),(4,1,'PUBLIC M1','PUBLIC ACTIVE BUILD 1','Publicly Visible Build',1),(5,1,'PUBLIC M1','PUBLIC INACTIVE BUILD','Publicly Visible Build',0),(6,3,'PARTNER M1','PARTNER INACTIVE BUILD','Partner Visible Build',1);
/*!40000 ALTER TABLE `test_builds` ENABLE KEYS */;
UNLOCK TABLES;

--
-- Table structure for table `test_case_activity`
--

DROP TABLE IF EXISTS `test_case_activity`;
CREATE TABLE `test_case_activity` (
  `case_id` int(11) NOT NULL,
  `fieldid` smallint(6) NOT NULL,
  `who` mediumint(9) NOT NULL,
  `changed` datetime NOT NULL,
  `oldvalue` mediumtext,
  `newvalue` mediumtext,
  KEY `case_activity_case_id_idx` (`case_id`),
  KEY `case_activity_who_idx` (`who`),
  KEY `case_activity_when_idx` (`changed`),
  KEY `case_activity_field_idx` (`fieldid`)
) ENGINE=MyISAM DEFAULT CHARSET=utf8;

--
-- Dumping data for table `test_case_activity`
--

LOCK TABLES `test_case_activity` WRITE;
/*!40000 ALTER TABLE `test_case_activity` DISABLE KEYS */;
INSERT INTO `test_case_activity` VALUES (2,6,1,'2008-05-01 17:07:15','1','2'),(2,7,1,'2008-05-01 17:07:31','PUBLIC TEST CASE 1 - PROPOSED','PUBLIC TEST CASE 1 - DISABLED'),(2,4,1,'2008-05-01 17:07:40','1','3'),(3,7,1,'2008-05-01 17:18:05','PUBLIC TEST CASE 1 - PROPOSED','PUBLIC TEST CASE 1 - CONFIRMED'),(4,7,1,'2008-05-01 17:18:10','PUBLIC TEST CASE - CONFIRMED','PUBLIC TEST CASE 2 - CONFIRMED'),(3,4,1,'2008-05-01 17:18:23','1','2');
/*!40000 ALTER TABLE `test_case_activity` ENABLE KEYS */;
UNLOCK TABLES;

--
-- Table structure for table `test_case_attachments`
--

DROP TABLE IF EXISTS `test_case_attachments`;
CREATE TABLE `test_case_attachments` (
  `attachment_id` int(11) NOT NULL,
  `case_id` int(11) NOT NULL,
  `case_run_id` int(11) default NULL,
  KEY `test_case_attachments_primary_idx` (`attachment_id`),
  KEY `attachment_case_id_idx` (`case_id`),
  KEY `attachment_caserun_id_idx` (`case_run_id`)
) ENGINE=MyISAM DEFAULT CHARSET=utf8;

--
-- Dumping data for table `test_case_attachments`
--

LOCK TABLES `test_case_attachments` WRITE;
/*!40000 ALTER TABLE `test_case_attachments` DISABLE KEYS */;
INSERT INTO `test_case_attachments` VALUES (3,6,NULL),(4,7,NULL),(5,8,NULL),(6,9,NULL),(7,10,NULL),(8,11,NULL),(9,12,NULL),(10,13,NULL),(11,14,NULL),(12,15,NULL);
/*!40000 ALTER TABLE `test_case_attachments` ENABLE KEYS */;
UNLOCK TABLES;

--
-- Table structure for table `test_case_bugs`
--

DROP TABLE IF EXISTS `test_case_bugs`;
CREATE TABLE `test_case_bugs` (
  `bug_id` mediumint(9) NOT NULL,
  `case_run_id` int(11) default NULL,
  `case_id` int(11) NOT NULL,
  KEY `case_bugs_bug_id_idx` (`bug_id`),
  KEY `case_bugs_case_id_idx` (`case_id`),
  KEY `case_bugs_case_run_id_idx` (`case_run_id`)
) ENGINE=MyISAM DEFAULT CHARSET=utf8;

--
-- Dumping data for table `test_case_bugs`
--

LOCK TABLES `test_case_bugs` WRITE;
/*!40000 ALTER TABLE `test_case_bugs` DISABLE KEYS */;
INSERT INTO `test_case_bugs` VALUES (2,2,5);
/*!40000 ALTER TABLE `test_case_bugs` ENABLE KEYS */;
UNLOCK TABLES;

--
-- Table structure for table `test_case_categories`
--

DROP TABLE IF EXISTS `test_case_categories`;
CREATE TABLE `test_case_categories` (
  `category_id` smallint(6) NOT NULL auto_increment,
  `product_id` smallint(6) NOT NULL,
  `name` varchar(240) NOT NULL,
  `description` mediumtext,
  PRIMARY KEY  (`category_id`),
  UNIQUE KEY `category_product_id_name_idx` (`product_id`,`name`),
  UNIQUE KEY `category_product_idx` (`category_id`,`product_id`),
  KEY `category_name_idx_v2` (`name`)
) ENGINE=MyISAM AUTO_INCREMENT=7 DEFAULT CHARSET=utf8;

--
-- Dumping data for table `test_case_categories`
--

LOCK TABLES `test_case_categories` WRITE;
/*!40000 ALTER TABLE `test_case_categories` DISABLE KEYS */;
INSERT INTO `test_case_categories` VALUES (1,1,'PUBLIC CATEGORY 1','PUBLIC CATEGORY'),(2,2,'PRIVATE CATEGORY 1','PRIVATE CATEGORY'),(3,3,'PARTNER CATEGORY 1','PARTNER CATEGORY'),(4,3,'PARTNER CATEGORY 2','PARTNER CATEGORY'),(5,2,'PRIVATE CATEGORY 2','PRIVATE CATEOGRY'),(6,1,'PUBLIC CATEGORY 2','PUBLIC CATEGORY');
/*!40000 ALTER TABLE `test_case_categories` ENABLE KEYS */;
UNLOCK TABLES;

--
-- Table structure for table `test_case_components`
--

DROP TABLE IF EXISTS `test_case_components`;
CREATE TABLE `test_case_components` (
  `case_id` int(11) NOT NULL,
  `component_id` smallint(6) NOT NULL,
  UNIQUE KEY `components_case_id_idx` (`case_id`,`component_id`),
  KEY `components_component_id_idx` (`component_id`)
) ENGINE=MyISAM DEFAULT CHARSET=utf8;

--
-- Dumping data for table `test_case_components`
--

LOCK TABLES `test_case_components` WRITE;
/*!40000 ALTER TABLE `test_case_components` DISABLE KEYS */;
INSERT INTO `test_case_components` VALUES (5,1),(6,3),(7,3),(8,3),(9,3),(10,3),(11,3),(12,3),(13,3),(14,3),(15,3),(16,4),(17,4),(18,4),(19,4),(20,4),(21,4),(22,4),(23,4),(24,4);
/*!40000 ALTER TABLE `test_case_components` ENABLE KEYS */;
UNLOCK TABLES;

--
-- Table structure for table `test_case_dependencies`
--

DROP TABLE IF EXISTS `test_case_dependencies`;
CREATE TABLE `test_case_dependencies` (
  `dependson` int(11) NOT NULL,
  `blocked` int(11) NOT NULL,
  UNIQUE KEY `case_dependencies_primary_idx` (`dependson`,`blocked`),
  KEY `case_dependencies_blocked_idx` (`blocked`)
) ENGINE=MyISAM DEFAULT CHARSET=utf8;

--
-- Dumping data for table `test_case_dependencies`
--

LOCK TABLES `test_case_dependencies` WRITE;
/*!40000 ALTER TABLE `test_case_dependencies` DISABLE KEYS */;
/*!40000 ALTER TABLE `test_case_dependencies` ENABLE KEYS */;
UNLOCK TABLES;

--
-- Table structure for table `test_case_plans`
--

DROP TABLE IF EXISTS `test_case_plans`;
CREATE TABLE `test_case_plans` (
  `plan_id` int(11) NOT NULL,
  `case_id` int(11) NOT NULL,
  UNIQUE KEY `test_case_plans_primary_idx` (`plan_id`,`case_id`),
  KEY `test_case_plans_case_idx` (`case_id`)
) ENGINE=MyISAM DEFAULT CHARSET=utf8;

--
-- Dumping data for table `test_case_plans`
--

LOCK TABLES `test_case_plans` WRITE;
/*!40000 ALTER TABLE `test_case_plans` DISABLE KEYS */;
INSERT INTO `test_case_plans` VALUES (1,1),(1,2),(1,3),(1,4),(1,5),(2,6),(2,7),(2,8),(2,9),(2,10),(2,11),(2,12),(2,13),(2,14),(2,15),(3,16),(3,17),(3,18),(3,19),(3,20),(3,21),(3,22),(3,23),(3,24);
/*!40000 ALTER TABLE `test_case_plans` ENABLE KEYS */;
UNLOCK TABLES;

--
-- Table structure for table `test_case_run_status`
--

DROP TABLE IF EXISTS `test_case_run_status`;
CREATE TABLE `test_case_run_status` (
  `case_run_status_id` smallint(6) NOT NULL auto_increment,
  `name` varchar(20) default NULL,
  `sortkey` int(11) default NULL,
  `description` text,
  PRIMARY KEY  (`case_run_status_id`)
) ENGINE=MyISAM AUTO_INCREMENT=7 DEFAULT CHARSET=utf8;

--
-- Dumping data for table `test_case_run_status`
--

LOCK TABLES `test_case_run_status` WRITE;
/*!40000 ALTER TABLE `test_case_run_status` DISABLE KEYS */;
INSERT INTO `test_case_run_status` VALUES (1,'IDLE',1,NULL),(2,'PASSED',2,NULL),(3,'FAILED',3,NULL),(4,'RUNNING',4,NULL),(5,'PAUSED',5,NULL),(6,'BLOCKED',6,NULL);
/*!40000 ALTER TABLE `test_case_run_status` ENABLE KEYS */;
UNLOCK TABLES;

--
-- Table structure for table `test_case_runs`
--

DROP TABLE IF EXISTS `test_case_runs`;
CREATE TABLE `test_case_runs` (
  `case_run_id` int(11) NOT NULL auto_increment,
  `run_id` int(11) NOT NULL,
  `case_id` int(11) NOT NULL,
  `assignee` mediumint(9) default NULL,
  `testedby` mediumint(9) default NULL,
  `case_run_status_id` tinyint(4) NOT NULL,
  `case_text_version` mediumint(9) NOT NULL,
  `build_id` int(11) NOT NULL,
  `running_date` datetime default NULL,
  `close_date` datetime default NULL,
  `notes` text,
  `iscurrent` tinyint(4) NOT NULL default '0',
  `sortkey` int(11) default NULL,
  `environment_id` int(11) NOT NULL,
  PRIMARY KEY  (`case_run_id`),
  UNIQUE KEY `case_run_build_env_idx` (`run_id`,`case_id`,`build_id`,`environment_id`),
  KEY `case_run_case_id_idx` (`case_id`),
  KEY `case_run_assignee_idx` (`assignee`),
  KEY `case_run_testedby_idx` (`testedby`),
  KEY `case_run_close_date_idx` (`close_date`),
  KEY `case_run_status_idx` (`case_run_status_id`),
  KEY `case_run_text_ver_idx` (`case_text_version`),
  KEY `case_run_build_idx_v2` (`build_id`),
  KEY `case_run_env_idx_v2` (`environment_id`)
) ENGINE=MyISAM AUTO_INCREMENT=12 DEFAULT CHARSET=utf8;

--
-- Dumping data for table `test_case_runs`
--

LOCK TABLES `test_case_runs` WRITE;
/*!40000 ALTER TABLE `test_case_runs` DISABLE KEYS */;
INSERT INTO `test_case_runs` VALUES (1,1,4,0,NULL,1,1,4,NULL,NULL,NULL,1,NULL,3),(2,1,5,5,NULL,1,1,4,NULL,NULL,NULL,1,NULL,3),(3,1,3,5,NULL,1,1,4,NULL,NULL,NULL,1,NULL,3),(4,2,6,8,NULL,1,1,1,NULL,NULL,NULL,1,NULL,1),(5,2,7,8,NULL,1,1,1,NULL,NULL,NULL,1,NULL,1),(6,2,8,8,NULL,1,1,1,NULL,NULL,NULL,1,NULL,1),(7,2,15,8,NULL,1,1,1,NULL,NULL,NULL,1,NULL,1),(8,3,6,8,NULL,1,1,2,NULL,NULL,NULL,1,NULL,2),(9,3,7,8,NULL,1,1,2,NULL,NULL,NULL,1,NULL,2),(10,3,8,8,NULL,1,1,2,NULL,NULL,NULL,1,NULL,2),(11,3,15,8,NULL,1,1,2,NULL,NULL,NULL,1,NULL,2);
/*!40000 ALTER TABLE `test_case_runs` ENABLE KEYS */;
UNLOCK TABLES;

--
-- Table structure for table `test_case_status`
--

DROP TABLE IF EXISTS `test_case_status`;
CREATE TABLE `test_case_status` (
  `case_status_id` smallint(6) NOT NULL auto_increment,
  `name` varchar(255) NOT NULL,
  `description` text,
  PRIMARY KEY  (`case_status_id`)
) ENGINE=MyISAM AUTO_INCREMENT=4 DEFAULT CHARSET=utf8;

--
-- Dumping data for table `test_case_status`
--

LOCK TABLES `test_case_status` WRITE;
/*!40000 ALTER TABLE `test_case_status` DISABLE KEYS */;
INSERT INTO `test_case_status` VALUES (1,'PROPOSED',NULL),(2,'CONFIRMED',NULL),(3,'DISABLED',NULL);
/*!40000 ALTER TABLE `test_case_status` ENABLE KEYS */;
UNLOCK TABLES;

--
-- Table structure for table `test_case_tags`
--

DROP TABLE IF EXISTS `test_case_tags`;
CREATE TABLE `test_case_tags` (
  `tag_id` int(11) NOT NULL,
  `case_id` int(11) NOT NULL,
  `userid` mediumint(9) NOT NULL,
  UNIQUE KEY `case_tags_primary_idx` (`tag_id`,`case_id`,`userid`),
  UNIQUE KEY `case_tags_secondary_idx` (`tag_id`,`case_id`),
  KEY `case_tags_case_id_idx_v3` (`case_id`),
  KEY `case_tags_userid_idx` (`userid`)
) ENGINE=MyISAM DEFAULT CHARSET=utf8;

--
-- Dumping data for table `test_case_tags`
--

LOCK TABLES `test_case_tags` WRITE;
/*!40000 ALTER TABLE `test_case_tags` DISABLE KEYS */;
INSERT INTO `test_case_tags` VALUES (1,5,1),(2,6,1),(2,7,1),(2,8,1),(2,9,1),(2,10,1),(2,11,1),(2,12,1),(2,13,1),(2,14,1),(2,15,1),(3,16,1),(3,17,1),(3,18,1),(3,19,1),(3,20,1),(3,21,1),(3,22,1),(3,23,1),(3,24,1);
/*!40000 ALTER TABLE `test_case_tags` ENABLE KEYS */;
UNLOCK TABLES;

--
-- Table structure for table `test_case_texts`
--

DROP TABLE IF EXISTS `test_case_texts`;
CREATE TABLE `test_case_texts` (
  `case_id` int(11) NOT NULL,
  `case_text_version` mediumint(9) NOT NULL,
  `who` mediumint(9) NOT NULL,
  `creation_ts` datetime NOT NULL,
  `action` mediumtext,
  `effect` mediumtext,
  `setup` mediumtext,
  `breakdown` mediumtext,
  UNIQUE KEY `case_versions_idx` (`case_id`,`case_text_version`),
  KEY `case_versions_who_idx` (`who`),
  KEY `case_versions_creation_ts_idx` (`creation_ts`)
) ENGINE=MyISAM DEFAULT CHARSET=utf8;

--
-- Dumping data for table `test_case_texts`
--

LOCK TABLES `test_case_texts` WRITE;
/*!40000 ALTER TABLE `test_case_texts` DISABLE KEYS */;
INSERT INTO `test_case_texts` VALUES (1,1,1,'2008-04-16 13:57:05','<ol>\r\n  <li>PUBLIC TEST CASE 1 - PROPOSED</li><li>PUBLIC CATEGORY 1</li>\r\n</ol>','<ol>\r\n  <li></li>\r\n</ol>','',''),(2,1,1,'2008-04-16 14:01:58','<ol>\r\n  <li>PUBLIC TEST CASE 1 - PROPOSED</li><li>PUBLIC CATEGORY 1</li>\r\n</ol>','<ol>\r\n  <li></li>\r\n</ol>','',''),(3,1,1,'2008-04-16 14:02:11','<ol>\r\n  <li>PUBLIC TEST CASE 1 - PROPOSED</li><li>PUBLIC CATEGORY 1</li>\r\n</ol>','<ol>\r\n  <li></li>\r\n</ol>','',''),(4,1,1,'2008-04-17 09:51:33','<ol>\r\n  <li>PUBLIC TEST CASE - CONFIRMED P2<br></li>\r\n</ol>','<ol>\r\n  <li></li>\r\n</ol>','',''),(5,1,1,'2008-05-01 17:20:41','<div id=\"lipsum\">\r\n<p>\r\nLorem ipsum dolor sit amet, consectetuer adipiscing elit. Nam\r\npellentesque odio et elit. Nam lobortis sem suscipit sapien. Sed\r\niaculis aliquam sapien. Maecenas ut lectus. Aenean fringilla massa et\r\nmetus. Nam varius, sapien nec egestas feugiat, mi libero dignissim\r\norci, id fermentum quam nisl quis risus. Phasellus libero justo,\r\naliquet quis, pellentesque vitae, porttitor quis, orci. Maecenas\r\nsollicitudin. Donec bibendum, ante quis sodales fermentum, quam risus\r\nplacerat pede, nec aliquam lorem odio sit amet nisi. Ut sem tellus,\r\nfeugiat vitae, lobortis nec, dapibus at, est. Aenean cursus. Vivamus\r\nfaucibus lectus eget felis. Nullam commodo tortor vitae turpis.\r\n</p>\r\n<p>Sed mollis interdum risus. Pellentesque ante velit, facilisis vitae,\r\nfermentum eu, feugiat sit amet, dui. Suspendisse tempus ullamcorper\r\nnisl. Suspendisse ullamcorper, velit non luctus gravida, massa turpis\r\nullamcorper eros, sed dictum risus neque ut augue. Vestibulum neque\r\nnulla, pretium fermentum, rutrum vehicula, pulvinar at, est. Quisque\r\ndignissim. Nullam placerat neque vel urna. Quisque cursus lacus rutrum\r\ntortor. Nunc ut elit. Vestibulum mi nunc, volutpat id, tempor ut,\r\nscelerisque vel, magna. Aenean nisl nulla, rutrum sit amet,\r\nsollicitudin sed, molestie eget, nisi. Lorem ipsum dolor sit amet,\r\nconsectetuer adipiscing elit. Class aptent taciti sociosqu ad litora\r\ntorquent per conubia nostra, per inceptos himenaeos. In odio erat,\r\nbibendum eu, gravida nec, elementum sed, urna.\r\n</p>\r\n<p>Aliquam ultricies viverra mi. Ut convallis urna quis urna. Sed sed\r\ntortor. Suspendisse quis tellus. Ut gravida. Ut facilisis lectus in\r\npurus. Sed at est non libero dignissim varius. Donec vestibulum odio ac\r\nfelis. Duis interdum pellentesque nisl. Aenean leo. Curabitur lectus.\r\nCum sociis natoque penatibus et magnis dis parturient montes, nascetur\r\nridiculus mus. Duis nisl ligula, elementum vitae, posuere eu, semper\r\neget, augue. Maecenas metus nulla, ullamcorper id, malesuada sit amet,\r\nmattis nec, lacus. Nam tortor.\r\n</p>\r\n<p>Nam sollicitudin, lacus sit amet aliquam tempus, nulla tellus tempus\r\nvelit, eu sollicitudin dolor dui et velit. In ac sem. Mauris adipiscing\r\nenim in felis. Morbi porttitor laoreet sapien. Nam felis dolor, laoreet\r\nsed, iaculis eu, vulputate eu, nunc. Nullam egestas ligula. Fusce ut\r\nsapien. Aliquam erat volutpat. Proin tristique scelerisque sem. Nullam\r\nnon erat.\r\n</p>\r\n<p>Sed feugiat, lacus in elementum egestas, sapien nulla sodales leo,\r\nnec scelerisque diam eros eu arcu. Phasellus ut magna. Cras dignissim\r\npellentesque tellus. Curabitur sapien. Suspendisse a risus lobortis\r\nquam consectetuer placerat. Aliquam ultricies pretium tortor. Aliquam\r\nerat volutpat. Mauris nunc. Etiam vitae diam. Aenean a felis. Donec\r\nposuere, lacus in lacinia commodo, ligula lectus rutrum nibh, non\r\ndapibus sapien enim eu mauris. Pellentesque arcu risus, condimentum id,\r\ndapibus in, blandit ut, pede. Nulla facilisi. Vestibulum elit quam,\r\nfringilla convallis, congue lacinia, dictum at, velit. Vestibulum ante\r\nipsum primis in faucibus orci luctus et ultrices posuere cubilia Curae;\r\nSed augue mauris, commodo vel, tincidunt hendrerit, consectetuer eu,\r\neros.\r\n</p></div><ol>\r\n  <li><br></li>\r\n</ol>','<div id=\"lipsum\">\r\n<p>\r\nLorem ipsum dolor sit amet, consectetuer adipiscing elit. Nam\r\npellentesque odio et elit. Nam lobortis sem suscipit sapien. Sed\r\niaculis aliquam sapien. Maecenas ut lectus. Aenean fringilla massa et\r\nmetus. Nam varius, sapien nec egestas feugiat, mi libero dignissim\r\norci, id fermentum quam nisl quis risus. Phasellus libero justo,\r\naliquet quis, pellentesque vitae, porttitor quis, orci. Maecenas\r\nsollicitudin. Donec bibendum, ante quis sodales fermentum, quam risus\r\nplacerat pede, nec aliquam lorem odio sit amet nisi. Ut sem tellus,\r\nfeugiat vitae, lobortis nec, dapibus at, est. Aenean cursus. Vivamus\r\nfaucibus lectus eget felis. Nullam commodo tortor vitae turpis.\r\n</p>\r\n<p>Sed mollis interdum risus. Pellentesque ante velit, facilisis vitae,\r\nfermentum eu, feugiat sit amet, dui. Suspendisse tempus ullamcorper\r\nnisl. Suspendisse ullamcorper, velit non luctus gravida, massa turpis\r\nullamcorper eros, sed dictum risus neque ut augue. Vestibulum neque\r\nnulla, pretium fermentum, rutrum vehicula, pulvinar at, est. Quisque\r\ndignissim. Nullam placerat neque vel urna. Quisque cursus lacus rutrum\r\ntortor. Nunc ut elit. Vestibulum mi nunc, volutpat id, tempor ut,\r\nscelerisque vel, magna. Aenean nisl nulla, rutrum sit amet,\r\nsollicitudin sed, molestie eget, nisi. Lorem ipsum dolor sit amet,\r\nconsectetuer adipiscing elit. Class aptent taciti sociosqu ad litora\r\ntorquent per conubia nostra, per inceptos himenaeos. In odio erat,\r\nbibendum eu, gravida nec, elementum sed, urna.\r\n</p>\r\n<p>Aliquam ultricies viverra mi. Ut convallis urna quis urna. Sed sed\r\ntortor. Suspendisse quis tellus. Ut gravida. Ut facilisis lectus in\r\npurus. Sed at est non libero dignissim varius. Donec vestibulum odio ac\r\nfelis. Duis interdum pellentesque nisl. Aenean leo. Curabitur lectus.\r\nCum sociis natoque penatibus et magnis dis parturient montes, nascetur\r\nridiculus mus. Duis nisl ligula, elementum vitae, posuere eu, semper\r\neget, augue. Maecenas metus nulla, ullamcorper id, malesuada sit amet,\r\nmattis nec, lacus. Nam tortor.\r\n</p>\r\n<p>Nam sollicitudin, lacus sit amet aliquam tempus, nulla tellus tempus\r\nvelit, eu sollicitudin dolor dui et velit. In ac sem. Mauris adipiscing\r\nenim in felis. Morbi porttitor laoreet sapien. Nam felis dolor, laoreet\r\nsed, iaculis eu, vulputate eu, nunc. Nullam egestas ligula. Fusce ut\r\nsapien. Aliquam erat volutpat. Proin tristique scelerisque sem. Nullam\r\nnon erat.\r\n</p>\r\n<p>Sed feugiat, lacus in elementum egestas, sapien nulla sodales leo,\r\nnec scelerisque diam eros eu arcu. Phasellus ut magna. Cras dignissim\r\npellentesque tellus. Curabitur sapien. Suspendisse a risus lobortis\r\nquam consectetuer placerat. Aliquam ultricies pretium tortor. Aliquam\r\nerat volutpat. Mauris nunc. Etiam vitae diam. Aenean a felis. Donec\r\nposuere, lacus in lacinia commodo, ligula lectus rutrum nibh, non\r\ndapibus sapien enim eu mauris. Pellentesque arcu risus, condimentum id,\r\ndapibus in, blandit ut, pede. Nulla facilisi. Vestibulum elit quam,\r\nfringilla convallis, congue lacinia, dictum at, velit. Vestibulum ante\r\nipsum primis in faucibus orci luctus et ultrices posuere cubilia Curae;\r\nSed augue mauris, commodo vel, tincidunt hendrerit, consectetuer eu,\r\neros.\r\n</p></div><ol>\r\n  <li><br></li>\r\n</ol>','&nbsp;<div id=\"lipsum\">\r\n<p>\r\nLorem ipsum dolor sit amet, consectetuer adipiscing elit. Nam\r\npellentesque odio et elit. Nam lobortis sem suscipit sapien. Sed\r\niaculis aliquam sapien. Maecenas ut lectus. Aenean fringilla massa et\r\nmetus. Nam varius, sapien nec egestas feugiat, mi libero dignissim\r\norci, id fermentum quam nisl quis risus. Phasellus libero justo,\r\naliquet quis, pellentesque vitae, porttitor quis, orci. Maecenas\r\nsollicitudin. Donec bibendum, ante quis sodales fermentum, quam risus\r\nplacerat pede, nec aliquam lorem odio sit amet nisi. Ut sem tellus,\r\nfeugiat vitae, lobortis nec, dapibus at, est. Aenean cursus. Vivamus\r\nfaucibus lectus eget felis. Nullam commodo tortor vitae turpis.\r\n</p>\r\n<p>Sed mollis interdum risus. Pellentesque ante velit, facilisis vitae,\r\nfermentum eu, feugiat sit amet, dui. Suspendisse tempus ullamcorper\r\nnisl. Suspendisse ullamcorper, velit non luctus gravida, massa turpis\r\nullamcorper eros, sed dictum risus neque ut augue. Vestibulum neque\r\nnulla, pretium fermentum, rutrum vehicula, pulvinar at, est. Quisque\r\ndignissim. Nullam placerat neque vel urna. Quisque cursus lacus rutrum\r\ntortor. Nunc ut elit. Vestibulum mi nunc, volutpat id, tempor ut,\r\nscelerisque vel, magna. Aenean nisl nulla, rutrum sit amet,\r\nsollicitudin sed, molestie eget, nisi. Lorem ipsum dolor sit amet,\r\nconsectetuer adipiscing elit. Class aptent taciti sociosqu ad litora\r\ntorquent per conubia nostra, per inceptos himenaeos. In odio erat,\r\nbibendum eu, gravida nec, elementum sed, urna.\r\n</p>\r\n<p>Aliquam ultricies viverra mi. Ut convallis urna quis urna. Sed sed\r\ntortor. Suspendisse quis tellus. Ut gravida. Ut facilisis lectus in\r\npurus. Sed at est non libero dignissim varius. Donec vestibulum odio ac\r\nfelis. Duis interdum pellentesque nisl. Aenean leo. Curabitur lectus.\r\nCum sociis natoque penatibus et magnis dis parturient montes, nascetur\r\nridiculus mus. Duis nisl ligula, elementum vitae, posuere eu, semper\r\neget, augue. Maecenas metus nulla, ullamcorper id, malesuada sit amet,\r\nmattis nec, lacus. Nam tortor.\r\n</p>\r\n<p>Nam sollicitudin, lacus sit amet aliquam tempus, nulla tellus tempus\r\nvelit, eu sollicitudin dolor dui et velit. In ac sem. Mauris adipiscing\r\nenim in felis. Morbi porttitor laoreet sapien. Nam felis dolor, laoreet\r\nsed, iaculis eu, vulputate eu, nunc. Nullam egestas ligula. Fusce ut\r\nsapien. Aliquam erat volutpat. Proin tristique scelerisque sem. Nullam\r\nnon erat.\r\n</p>\r\n<p>Sed feugiat, lacus in elementum egestas, sapien nulla sodales leo,\r\nnec scelerisque diam eros eu arcu. Phasellus ut magna. Cras dignissim\r\npellentesque tellus. Curabitur sapien. Suspendisse a risus lobortis\r\nquam consectetuer placerat. Aliquam ultricies pretium tortor. Aliquam\r\nerat volutpat. Mauris nunc. Etiam vitae diam. Aenean a felis. Donec\r\nposuere, lacus in lacinia commodo, ligula lectus rutrum nibh, non\r\ndapibus sapien enim eu mauris. Pellentesque arcu risus, condimentum id,\r\ndapibus in, blandit ut, pede. Nulla facilisi. Vestibulum elit quam,\r\nfringilla convallis, congue lacinia, dictum at, velit. Vestibulum ante\r\nipsum primis in faucibus orci luctus et ultrices posuere cubilia Curae;\r\nSed augue mauris, commodo vel, tincidunt hendrerit, consectetuer eu,\r\neros.\r\n</p></div>','&nbsp;<div id=\"lipsum\">\r\n<p>\r\nLorem ipsum dolor sit amet, consectetuer adipiscing elit. Nam\r\npellentesque odio et elit. Nam lobortis sem suscipit sapien. Sed\r\niaculis aliquam sapien. Maecenas ut lectus. Aenean fringilla massa et\r\nmetus. Nam varius, sapien nec egestas feugiat, mi libero dignissim\r\norci, id fermentum quam nisl quis risus. Phasellus libero justo,\r\naliquet quis, pellentesque vitae, porttitor quis, orci. Maecenas\r\nsollicitudin. Donec bibendum, ante quis sodales fermentum, quam risus\r\nplacerat pede, nec aliquam lorem odio sit amet nisi. Ut sem tellus,\r\nfeugiat vitae, lobortis nec, dapibus at, est. Aenean cursus. Vivamus\r\nfaucibus lectus eget felis. Nullam commodo tortor vitae turpis.\r\n</p>\r\n<p>Sed mollis interdum risus. Pellentesque ante velit, facilisis vitae,\r\nfermentum eu, feugiat sit amet, dui. Suspendisse tempus ullamcorper\r\nnisl. Suspendisse ullamcorper, velit non luctus gravida, massa turpis\r\nullamcorper eros, sed dictum risus neque ut augue. Vestibulum neque\r\nnulla, pretium fermentum, rutrum vehicula, pulvinar at, est. Quisque\r\ndignissim. Nullam placerat neque vel urna. Quisque cursus lacus rutrum\r\ntortor. Nunc ut elit. Vestibulum mi nunc, volutpat id, tempor ut,\r\nscelerisque vel, magna. Aenean nisl nulla, rutrum sit amet,\r\nsollicitudin sed, molestie eget, nisi. Lorem ipsum dolor sit amet,\r\nconsectetuer adipiscing elit. Class aptent taciti sociosqu ad litora\r\ntorquent per conubia nostra, per inceptos himenaeos. In odio erat,\r\nbibendum eu, gravida nec, elementum sed, urna.\r\n</p>\r\n<p>Aliquam ultricies viverra mi. Ut convallis urna quis urna. Sed sed\r\ntortor. Suspendisse quis tellus. Ut gravida. Ut facilisis lectus in\r\npurus. Sed at est non libero dignissim varius. Donec vestibulum odio ac\r\nfelis. Duis interdum pellentesque nisl. Aenean leo. Curabitur lectus.\r\nCum sociis natoque penatibus et magnis dis parturient montes, nascetur\r\nridiculus mus. Duis nisl ligula, elementum vitae, posuere eu, semper\r\neget, augue. Maecenas metus nulla, ullamcorper id, malesuada sit amet,\r\nmattis nec, lacus. Nam tortor.\r\n</p>\r\n<p>Nam sollicitudin, lacus sit amet aliquam tempus, nulla tellus tempus\r\nvelit, eu sollicitudin dolor dui et velit. In ac sem. Mauris adipiscing\r\nenim in felis. Morbi porttitor laoreet sapien. Nam felis dolor, laoreet\r\nsed, iaculis eu, vulputate eu, nunc. Nullam egestas ligula. Fusce ut\r\nsapien. Aliquam erat volutpat. Proin tristique scelerisque sem. Nullam\r\nnon erat.\r\n</p>\r\n<p>Sed feugiat, lacus in elementum egestas, sapien nulla sodales leo,\r\nnec scelerisque diam eros eu arcu. Phasellus ut magna. Cras dignissim\r\npellentesque tellus. Curabitur sapien. Suspendisse a risus lobortis\r\nquam consectetuer placerat. Aliquam ultricies pretium tortor. Aliquam\r\nerat volutpat. Mauris nunc. Etiam vitae diam. Aenean a felis. Donec\r\nposuere, lacus in lacinia commodo, ligula lectus rutrum nibh, non\r\ndapibus sapien enim eu mauris. Pellentesque arcu risus, condimentum id,\r\ndapibus in, blandit ut, pede. Nulla facilisi. Vestibulum elit quam,\r\nfringilla convallis, congue lacinia, dictum at, velit. Vestibulum ante\r\nipsum primis in faucibus orci luctus et ultrices posuere cubilia Curae;\r\nSed augue mauris, commodo vel, tincidunt hendrerit, consectetuer eu,\r\neros.\r\n</p></div>'),(6,1,1,'2008-05-02 14:20:00','<ol>\r\n  <li>STEP ONE</li><li>STEP TWO</li><li>STEP THREE<br></li>\r\n</ol>','<ol>\r\n  <li>REACTION ONE</li><li>REACTION TWO</li><li>REACTION THREE<br></li>\r\n</ol>','&nbsp;SETUP<br>','&nbsp;BREAKDOWN'),(7,1,1,'2008-05-02 14:20:08','<ol>\r\n  <li>STEP ONE</li><li>STEP TWO</li><li>STEP THREE<br></li>\r\n</ol>','<ol>\r\n  <li>REACTION ONE</li><li>REACTION TWO</li><li>REACTION THREE<br></li>\r\n</ol>','&nbsp;SETUP<br>','&nbsp;BREAKDOWN'),(8,1,1,'2008-05-02 14:20:12','<ol>\r\n  <li>STEP ONE</li><li>STEP TWO</li><li>STEP THREE<br></li>\r\n</ol>','<ol>\r\n  <li>REACTION ONE</li><li>REACTION TWO</li><li>REACTION THREE<br></li>\r\n</ol>','&nbsp;SETUP<br>','&nbsp;BREAKDOWN'),(9,1,1,'2008-05-02 14:20:20','<ol>\r\n  <li>STEP ONE</li><li>STEP TWO</li><li>STEP THREE<br></li>\r\n</ol>','<ol>\r\n  <li>REACTION ONE</li><li>REACTION TWO</li><li>REACTION THREE<br></li>\r\n</ol>','&nbsp;SETUP<br>','&nbsp;BREAKDOWN'),(10,1,1,'2008-05-02 14:20:23','<ol>\r\n  <li>STEP ONE</li><li>STEP TWO</li><li>STEP THREE<br></li>\r\n</ol>','<ol>\r\n  <li>REACTION ONE</li><li>REACTION TWO</li><li>REACTION THREE<br></li>\r\n</ol>','&nbsp;SETUP<br>','&nbsp;BREAKDOWN'),(11,1,1,'2008-05-02 14:20:26','<ol>\r\n  <li>STEP ONE</li><li>STEP TWO</li><li>STEP THREE<br></li>\r\n</ol>','<ol>\r\n  <li>REACTION ONE</li><li>REACTION TWO</li><li>REACTION THREE<br></li>\r\n</ol>','&nbsp;SETUP<br>','&nbsp;BREAKDOWN'),(12,1,1,'2008-05-02 14:20:36','<ol>\r\n  <li>STEP ONE</li><li>STEP TWO</li><li>STEP THREE<br></li>\r\n</ol>','<ol>\r\n  <li>REACTION ONE</li><li>REACTION TWO</li><li>REACTION THREE<br></li>\r\n</ol>','&nbsp;SETUP<br>','&nbsp;BREAKDOWN'),(13,1,1,'2008-05-02 14:21:02','<ol>\r\n  <li>STEP ONE</li><li>STEP TWO</li><li>STEP THREE<br></li>\r\n</ol>','<ol>\r\n  <li>REACTION ONE</li><li>REACTION TWO</li><li>REACTION THREE<br></li>\r\n</ol>','&nbsp;SETUP<br>','&nbsp;BREAKDOWN'),(14,1,1,'2008-05-02 14:21:06','<ol>\r\n  <li>STEP ONE</li><li>STEP TWO</li><li>STEP THREE<br></li>\r\n</ol>','<ol>\r\n  <li>REACTION ONE</li><li>REACTION TWO</li><li>REACTION THREE<br></li>\r\n</ol>','&nbsp;SETUP<br>','&nbsp;BREAKDOWN'),(15,1,1,'2008-05-02 14:21:14','<ol>\r\n  <li>STEP ONE</li><li>STEP TWO</li><li>STEP THREE<br></li>\r\n</ol>','<ol>\r\n  <li>REACTION ONE</li><li>REACTION TWO</li><li>REACTION THREE<br></li>\r\n</ol>','&nbsp;SETUP<br>','&nbsp;BREAKDOWN'),(16,1,1,'2008-05-02 14:25:41','<ol>\r\n  <li>STEP ONE FOR PARTNER</li><li>STEP TWO</li><li>STEP THREE<br></li>\r\n</ol>','<ol>\r\n  <li>RESULTS FOR PARTNER<br></li>\r\n</ol>','&nbsp;SETTING UP FOR PARTNER <br>','&nbsp;BREAKING DOWN FOR PARTNER<br>'),(17,1,1,'2008-05-02 14:25:56','<ol>\r\n  <li>STEP ONE FOR PARTNER</li><li>STEP TWO</li><li>STEP THREE<br></li>\r\n</ol>','<ol>\r\n  <li>RESULTS FOR PARTNER<br></li>\r\n</ol>','&nbsp;SETTING UP FOR PARTNER <br>','&nbsp;BREAKING DOWN FOR PARTNER<br>'),(18,1,1,'2008-05-02 14:25:59','<ol>\r\n  <li>STEP ONE FOR PARTNER</li><li>STEP TWO</li><li>STEP THREE<br></li>\r\n</ol>','<ol>\r\n  <li>RESULTS FOR PARTNER<br></li>\r\n</ol>','&nbsp;SETTING UP FOR PARTNER <br>','&nbsp;BREAKING DOWN FOR PARTNER<br>'),(19,1,1,'2008-05-02 14:26:11','<ol>\r\n  <li>STEP ONE FOR PARTNER</li><li>STEP TWO</li><li>STEP THREE<br></li>\r\n</ol>','<ol>\r\n  <li>RESULTS FOR PARTNER<br></li>\r\n</ol>','&nbsp;SETTING UP FOR PARTNER <br>','&nbsp;BREAKING DOWN FOR PARTNER<br>'),(20,1,1,'2008-05-02 14:26:22','<ol>\r\n  <li>STEP ONE FOR PARTNER</li><li>STEP TWO</li><li>STEP THREE<br></li>\r\n</ol>','<ol>\r\n  <li>RESULTS FOR PARTNER<br></li>\r\n</ol>','&nbsp;SETTING UP FOR PARTNER <br>','&nbsp;BREAKING DOWN FOR PARTNER<br>'),(21,1,1,'2008-05-02 14:26:33','<ol>\r\n  <li>STEP ONE FOR PARTNER</li><li>STEP TWO</li><li>STEP THREE<br></li>\r\n</ol>','<ol>\r\n  <li>RESULTS FOR PARTNER<br></li>\r\n</ol>','&nbsp;SETTING UP FOR PARTNER <br>','&nbsp;BREAKING DOWN FOR PARTNER<br>'),(22,1,1,'2008-05-02 14:26:41','<ol>\r\n  <li>STEP ONE FOR PARTNER</li><li>STEP TWO</li><li>STEP THREE<br></li>\r\n</ol>','<ol>\r\n  <li>RESULTS FOR PARTNER<br></li>\r\n</ol>','&nbsp;SETTING UP FOR PARTNER <br>','&nbsp;BREAKING DOWN FOR PARTNER<br>'),(23,1,1,'2008-05-02 14:26:48','<ol>\r\n  <li>STEP ONE FOR PARTNER</li><li>STEP TWO</li><li>STEP THREE<br></li>\r\n</ol>','<ol>\r\n  <li>RESULTS FOR PARTNER<br></li>\r\n</ol>','&nbsp;SETTING UP FOR PARTNER <br>','&nbsp;BREAKING DOWN FOR PARTNER<br>'),(24,1,1,'2008-05-02 14:26:55','<ol>\r\n  <li>STEP ONE FOR PARTNER</li><li>STEP TWO</li><li>STEP THREE<br></li>\r\n</ol>','<ol>\r\n  <li>RESULTS FOR PARTNER<br></li>\r\n</ol>','&nbsp;SETTING UP FOR PARTNER <br>','&nbsp;BREAKING DOWN FOR PARTNER<br>');
/*!40000 ALTER TABLE `test_case_texts` ENABLE KEYS */;
UNLOCK TABLES;

--
-- Table structure for table `test_cases`
--

DROP TABLE IF EXISTS `test_cases`;
CREATE TABLE `test_cases` (
  `case_id` int(11) NOT NULL auto_increment,
  `case_status_id` tinyint(4) NOT NULL,
  `category_id` smallint(6) NOT NULL,
  `priority_id` smallint(6) default NULL,
  `author_id` mediumint(9) NOT NULL,
  `default_tester_id` mediumint(9) default NULL,
  `creation_date` datetime NOT NULL,
  `estimated_time` time default NULL,
  `isautomated` tinyint(4) NOT NULL default '0',
  `sortkey` int(11) default NULL,
  `script` mediumtext,
  `arguments` mediumtext,
  `summary` varchar(255) default NULL,
  `requirement` varchar(255) default NULL,
  `alias` varchar(255) default NULL,
  PRIMARY KEY  (`case_id`),
  KEY `test_case_category_idx` (`category_id`),
  KEY `test_case_author_idx` (`author_id`),
  KEY `test_case_creation_date_idx` (`creation_date`),
  KEY `test_case_sortkey_idx` (`sortkey`),
  KEY `test_case_shortname_idx` (`alias`),
  KEY `test_case_requirement_idx` (`requirement`),
  KEY `test_case_status_idx` (`case_status_id`),
  KEY `test_case_tester_idx` (`default_tester_id`)
) ENGINE=MyISAM AUTO_INCREMENT=25 DEFAULT CHARSET=utf8;

--
-- Dumping data for table `test_cases`
--

LOCK TABLES `test_cases` WRITE;
/*!40000 ALTER TABLE `test_cases` DISABLE KEYS */;
INSERT INTO `test_cases` VALUES (1,1,1,1,1,5,'2008-04-16 13:57:05','00:00:00',0,NULL,'','','PUBLIC TEST CASE 1 - PROPOSED','',NULL),(2,3,1,2,1,5,'2008-04-16 14:01:58','00:00:00',0,NULL,'','','PUBLIC TEST CASE 1 - DISABLED','',NULL),(3,2,1,1,1,5,'2008-04-16 14:02:11','00:00:00',0,NULL,'','','PUBLIC TEST CASE 1 - CONFIRMED','',NULL),(4,2,1,2,1,NULL,'2008-04-17 09:51:33','00:00:00',1,NULL,'PUBLIC SCRIPT','PUBLIC ARG','PUBLIC TEST CASE 2 - CONFIRMED','PUBLIC REQUIREMENT 1',NULL),(5,2,6,3,1,5,'2008-05-01 17:20:41','00:00:00',1,NULL,'script','arg1','PUBLIC TEST CASE 3 - CONFIRMED','',NULL),(6,2,2,3,1,8,'2008-05-02 14:20:00','12:00:00',0,NULL,'','','PRIVATE CASE','PUBLIC REQUIREMENT 1',NULL),(7,2,2,3,1,8,'2008-05-02 14:20:08','12:00:00',0,NULL,'','','PRIVATE CASE','PUBLIC REQUIREMENT 1',NULL),(8,2,2,3,1,8,'2008-05-02 14:20:12','12:00:00',0,NULL,'','','PRIVATE CASE','PUBLIC REQUIREMENT 1',NULL),(9,1,2,3,1,8,'2008-05-02 14:20:20','12:00:00',0,NULL,'','','PRIVATE CASE','PUBLIC REQUIREMENT 1',NULL),(10,1,2,3,1,8,'2008-05-02 14:20:23','12:00:00',0,NULL,'','','PRIVATE CASE','PUBLIC REQUIREMENT 1',NULL),(11,1,2,3,1,8,'2008-05-02 14:20:26','12:00:00',0,NULL,'','','PRIVATE CASE','PUBLIC REQUIREMENT 1',NULL),(12,3,2,3,1,8,'2008-05-02 14:20:36','12:00:00',0,NULL,'','','PRIVATE CASE','PUBLIC REQUIREMENT 1',NULL),(13,3,2,1,1,8,'2008-05-02 14:21:02','12:00:00',1,NULL,'auto script','-a -b -c','PRIVATE CASE','PUBLIC REQUIREMENT 1',NULL),(14,3,2,1,1,8,'2008-05-02 14:21:06','12:00:00',1,NULL,'auto script','-a -b -c','PRIVATE CASE','PUBLIC REQUIREMENT 1',NULL),(15,2,2,1,1,8,'2008-05-02 14:21:14','12:00:00',1,NULL,'auto script','-a -b -c','PRIVATE CASE','PUBLIC REQUIREMENT 1',NULL),(16,2,4,3,1,6,'2008-05-02 14:25:41','00:00:30',0,NULL,'','','PARTNER CASE','PARTNER REQUIREMENT',NULL),(17,2,4,3,1,6,'2008-05-02 14:25:56','00:00:30',0,NULL,'','','PARTNER CASE','PARTNER REQUIREMENT',NULL),(18,2,4,3,1,6,'2008-05-02 14:25:59','00:00:30',0,NULL,'','','PARTNER CASE','PARTNER REQUIREMENT',NULL),(19,1,4,2,1,6,'2008-05-02 14:26:11','00:00:30',0,NULL,'','','PARTNER CASE','PARTNER REQUIREMENT',NULL),(20,3,4,4,1,6,'2008-05-02 14:26:22','00:00:30',0,NULL,'','','PARTNER CASE','PARTNER REQUIREMENT',NULL),(21,2,4,5,1,6,'2008-05-02 14:26:33','00:00:30',0,NULL,'','','PARTNER CASE','PARTNER REQUIREMENT',NULL),(22,2,3,5,1,6,'2008-05-02 14:26:41','00:00:30',0,NULL,'','','PARTNER CASE','PARTNER REQUIREMENT',NULL),(23,2,3,3,1,6,'2008-05-02 14:26:48','00:00:30',0,NULL,'','','PARTNER CASE','PARTNER REQUIREMENT',NULL),(24,2,3,1,1,6,'2008-05-02 14:26:55','00:00:30',0,NULL,'','','PARTNER CASE','PARTNER REQUIREMENT',NULL);
/*!40000 ALTER TABLE `test_cases` ENABLE KEYS */;
UNLOCK TABLES;

--
-- Table structure for table `test_email_settings`
--

DROP TABLE IF EXISTS `test_email_settings`;
CREATE TABLE `test_email_settings` (
  `userid` mediumint(9) NOT NULL,
  `eventid` tinyint(4) NOT NULL,
  `relationship_id` tinyint(4) NOT NULL,
  UNIQUE KEY `test_email_setting_user_id_idx` (`userid`,`relationship_id`,`eventid`)
) ENGINE=MyISAM DEFAULT CHARSET=utf8;

--
-- Dumping data for table `test_email_settings`
--

LOCK TABLES `test_email_settings` WRITE;
/*!40000 ALTER TABLE `test_email_settings` DISABLE KEYS */;
/*!40000 ALTER TABLE `test_email_settings` ENABLE KEYS */;
UNLOCK TABLES;

--
-- Table structure for table `test_environment_category`
--

DROP TABLE IF EXISTS `test_environment_category`;
CREATE TABLE `test_environment_category` (
  `env_category_id` int(11) NOT NULL auto_increment,
  `product_id` smallint(6) NOT NULL,
  `name` varchar(255) default NULL,
  PRIMARY KEY  (`env_category_id`),
  UNIQUE KEY `test_environment_category_key1` (`env_category_id`,`product_id`),
  UNIQUE KEY `test_environment_category_key2` (`product_id`,`name`)
) ENGINE=MyISAM AUTO_INCREMENT=4 DEFAULT CHARSET=utf8;

--
-- Dumping data for table `test_environment_category`
--

LOCK TABLES `test_environment_category` WRITE;
/*!40000 ALTER TABLE `test_environment_category` DISABLE KEYS */;
INSERT INTO `test_environment_category` VALUES (1,0,'Operating System'),(2,0,'Hardware'),(3,3,'New category 1');
/*!40000 ALTER TABLE `test_environment_category` ENABLE KEYS */;
UNLOCK TABLES;

--
-- Table structure for table `test_environment_element`
--

DROP TABLE IF EXISTS `test_environment_element`;
CREATE TABLE `test_environment_element` (
  `element_id` int(11) NOT NULL auto_increment,
  `env_category_id` int(11) NOT NULL,
  `name` varchar(255) default NULL,
  `parent_id` int(11) default NULL,
  `isprivate` tinyint(4) NOT NULL default '0',
  PRIMARY KEY  (`element_id`),
  UNIQUE KEY `test_environment_element_key1` (`element_id`,`env_category_id`),
  UNIQUE KEY `test_environment_element_key2` (`env_category_id`,`name`)
) ENGINE=MyISAM AUTO_INCREMENT=11 DEFAULT CHARSET=utf8;

--
-- Dumping data for table `test_environment_element`
--

LOCK TABLES `test_environment_element` WRITE;
/*!40000 ALTER TABLE `test_environment_element` DISABLE KEYS */;
INSERT INTO `test_environment_element` VALUES (1,1,'All',0,0),(2,1,'Linux',0,0),(3,1,'Mac OS',0,0),(4,1,'Other',0,0),(5,1,'Windows',0,0),(6,2,'All',0,0),(7,2,'Macintosh',0,0),(8,2,'Other',0,0),(9,2,'PC',0,0),(10,3,'New element 1',0,0);
/*!40000 ALTER TABLE `test_environment_element` ENABLE KEYS */;
UNLOCK TABLES;

--
-- Table structure for table `test_environment_map`
--

DROP TABLE IF EXISTS `test_environment_map`;
CREATE TABLE `test_environment_map` (
  `environment_id` int(11) NOT NULL,
  `property_id` int(11) NOT NULL,
  `element_id` int(11) NOT NULL,
  `value_selected` tinytext,
  UNIQUE KEY `test_environment_map_key3` (`environment_id`,`element_id`,`property_id`),
  KEY `env_map_env_element_idx` (`environment_id`,`element_id`),
  KEY `env_map_property_idx` (`environment_id`,`property_id`)
) ENGINE=MyISAM DEFAULT CHARSET=utf8;

--
-- Dumping data for table `test_environment_map`
--

LOCK TABLES `test_environment_map` WRITE;
/*!40000 ALTER TABLE `test_environment_map` DISABLE KEYS */;
/*!40000 ALTER TABLE `test_environment_map` ENABLE KEYS */;
UNLOCK TABLES;

--
-- Table structure for table `test_environment_property`
--

DROP TABLE IF EXISTS `test_environment_property`;
CREATE TABLE `test_environment_property` (
  `property_id` int(11) NOT NULL auto_increment,
  `element_id` int(11) NOT NULL,
  `name` varchar(255) default NULL,
  `validexp` text,
  PRIMARY KEY  (`property_id`),
  UNIQUE KEY `test_environment_property_key1` (`property_id`,`element_id`),
  UNIQUE KEY `test_environment_property_key2` (`element_id`,`name`)
) ENGINE=MyISAM AUTO_INCREMENT=2 DEFAULT CHARSET=utf8;

--
-- Dumping data for table `test_environment_property`
--

LOCK TABLES `test_environment_property` WRITE;
/*!40000 ALTER TABLE `test_environment_property` DISABLE KEYS */;
INSERT INTO `test_environment_property` VALUES (1,10,'New property 1','');
/*!40000 ALTER TABLE `test_environment_property` ENABLE KEYS */;
UNLOCK TABLES;

--
-- Table structure for table `test_environments`
--

DROP TABLE IF EXISTS `test_environments`;
CREATE TABLE `test_environments` (
  `environment_id` int(11) NOT NULL auto_increment,
  `product_id` smallint(6) NOT NULL,
  `name` varchar(255) default NULL,
  `isactive` tinyint(4) NOT NULL default '1',
  PRIMARY KEY  (`environment_id`),
  UNIQUE KEY `test_environments_key1` (`environment_id`,`product_id`),
  UNIQUE KEY `test_environments_key2` (`product_id`,`name`),
  KEY `environment_name_idx_v2` (`name`)
) ENGINE=MyISAM AUTO_INCREMENT=7 DEFAULT CHARSET=utf8;

--
-- Dumping data for table `test_environments`
--

LOCK TABLES `test_environments` WRITE;
/*!40000 ALTER TABLE `test_environments` DISABLE KEYS */;
INSERT INTO `test_environments` VALUES (1,2,'PRIVATE ACTIVE ENVIRONMENT',1),(2,2,'PRIVATE INACTIVE ENVIRONMENT',0),(3,1,'PUBLIC ACTIVE ENVIRONMENT',1),(4,3,'PARTNER ACTIVE ENVIRONMENT',1),(5,3,'PARTNER INACTIVE ENVIRONMENT',0),(6,1,'PUBLIC INACTIVE ENVIRONMENT',0);
/*!40000 ALTER TABLE `test_environments` ENABLE KEYS */;
UNLOCK TABLES;

--
-- Table structure for table `test_events`
--

DROP TABLE IF EXISTS `test_events`;
CREATE TABLE `test_events` (
  `eventid` tinyint(4) NOT NULL,
  `name` varchar(50) default NULL,
  PRIMARY KEY  (`eventid`),
  KEY `test_event_name_idx` (`name`)
) ENGINE=MyISAM DEFAULT CHARSET=utf8;

--
-- Dumping data for table `test_events`
--

LOCK TABLES `test_events` WRITE;
/*!40000 ALTER TABLE `test_events` DISABLE KEYS */;
/*!40000 ALTER TABLE `test_events` ENABLE KEYS */;
UNLOCK TABLES;

--
-- Table structure for table `test_fielddefs`
--

DROP TABLE IF EXISTS `test_fielddefs`;
CREATE TABLE `test_fielddefs` (
  `fieldid` smallint(6) NOT NULL auto_increment,
  `name` varchar(100) NOT NULL,
  `description` mediumtext,
  `table_name` varchar(100) NOT NULL,
  PRIMARY KEY  (`fieldid`)
) ENGINE=MyISAM AUTO_INCREMENT=25 DEFAULT CHARSET=utf8;

--
-- Dumping data for table `test_fielddefs`
--

LOCK TABLES `test_fielddefs` WRITE;
/*!40000 ALTER TABLE `test_fielddefs` DISABLE KEYS */;
INSERT INTO `test_fielddefs` VALUES (1,'isactive','Archived','test_plans'),(2,'name','Plan Name','test_plans'),(3,'type_id','Plan Type','test_plans'),(4,'case_status_id','Case Status','test_cases'),(5,'category_id','Category','test_cases'),(6,'priority_id','Priority','test_cases'),(7,'summary','Run Summary','test_cases'),(8,'isautomated','Automated','test_cases'),(9,'alias','Alias','test_cases'),(10,'requirement','Requirement','test_cases'),(11,'script','Script','test_cases'),(12,'arguments','Argument','test_cases'),(13,'product_id','Product','test_plans'),(14,'default_product_version','Default Product Version','test_plans'),(15,'environment_id','Environment','test_runs'),(16,'product_version','Product Version','test_runs'),(17,'build_id','Default Build','test_runs'),(18,'plan_text_version','Plan Text Version','test_runs'),(19,'manager_id','Manager','test_runs'),(20,'default_tester_id','Default Tester','test_cases'),(21,'stop_date','Stop Date','test_runs'),(22,'summary','Run Summary','test_runs'),(23,'notes','Notes','test_runs'),(24,'estimated_time','Estimated Time','test_cases');
/*!40000 ALTER TABLE `test_fielddefs` ENABLE KEYS */;
UNLOCK TABLES;

--
-- Table structure for table `test_named_queries`
--

DROP TABLE IF EXISTS `test_named_queries`;
CREATE TABLE `test_named_queries` (
  `userid` mediumint(9) NOT NULL,
  `name` varchar(64) NOT NULL,
  `isvisible` tinyint(4) NOT NULL default '1',
  `query` mediumtext NOT NULL,
  `type` mediumint(9) NOT NULL default '0',
  UNIQUE KEY `test_namedquery_primary_idx` (`userid`,`name`),
  KEY `test_namedquery_name_idx` (`name`)
) ENGINE=MyISAM DEFAULT CHARSET=utf8;

--
-- Dumping data for table `test_named_queries`
--

LOCK TABLES `test_named_queries` WRITE;
/*!40000 ALTER TABLE `test_named_queries` DISABLE KEYS */;
INSERT INTO `test_named_queries` VALUES (1,'__plan__',0,'2',0),(1,'__environment__',0,'1,2',0),(1,'__case__',0,'6,7,8,15',0),(1,'__run__',0,'1',0),(3,'__plan__',0,'1,2,3',0),(1,'__case_run__',0,'8,9,10,11',0),(3,'__case__',0,'6,7,8,9,10,11,12,13,14,15',0),(3,'__run__',0,'1',0),(3,'__case_run__',0,'8,9,10,11',0),(3,'__environment__',0,'1,2',0);
/*!40000 ALTER TABLE `test_named_queries` ENABLE KEYS */;
UNLOCK TABLES;

--
-- Table structure for table `test_plan_activity`
--

DROP TABLE IF EXISTS `test_plan_activity`;
CREATE TABLE `test_plan_activity` (
  `plan_id` int(11) NOT NULL,
  `fieldid` smallint(6) NOT NULL,
  `who` mediumint(9) NOT NULL,
  `changed` datetime NOT NULL,
  `oldvalue` mediumtext,
  `newvalue` mediumtext,
  KEY `plan_activity_primary_idx` (`plan_id`),
  KEY `plan_activity_field_idx` (`fieldid`),
  KEY `plan_activity_who_idx` (`who`),
  KEY `plan_activity_changed_idx` (`changed`)
) ENGINE=MyISAM DEFAULT CHARSET=utf8;

--
-- Dumping data for table `test_plan_activity`
--

LOCK TABLES `test_plan_activity` WRITE;
/*!40000 ALTER TABLE `test_plan_activity` DISABLE KEYS */;
INSERT INTO `test_plan_activity` VALUES (2,1,3,'2008-05-15 14:49:31','1','0'),(1,1,3,'2008-05-15 14:49:51','1','0'),(1,1,3,'2008-05-15 14:50:06','0','1');
/*!40000 ALTER TABLE `test_plan_activity` ENABLE KEYS */;
UNLOCK TABLES;

--
-- Table structure for table `test_plan_attachments`
--

DROP TABLE IF EXISTS `test_plan_attachments`;
CREATE TABLE `test_plan_attachments` (
  `attachment_id` int(11) NOT NULL,
  `plan_id` int(11) NOT NULL,
  KEY `test_plan_attachments_primary_idx` (`attachment_id`),
  KEY `attachment_plan_id_idx` (`plan_id`)
) ENGINE=MyISAM DEFAULT CHARSET=utf8;

--
-- Dumping data for table `test_plan_attachments`
--

LOCK TABLES `test_plan_attachments` WRITE;
/*!40000 ALTER TABLE `test_plan_attachments` DISABLE KEYS */;
INSERT INTO `test_plan_attachments` VALUES (1,1),(2,1);
/*!40000 ALTER TABLE `test_plan_attachments` ENABLE KEYS */;
UNLOCK TABLES;

--
-- Table structure for table `test_plan_permissions`
--

DROP TABLE IF EXISTS `test_plan_permissions`;
CREATE TABLE `test_plan_permissions` (
  `userid` mediumint(9) NOT NULL,
  `plan_id` int(11) NOT NULL,
  `permissions` tinyint(4) NOT NULL,
  `grant_type` tinyint(4) NOT NULL,
  UNIQUE KEY `testers_plan_user_idx` (`userid`,`plan_id`,`grant_type`),
  KEY `testers_plan_user_plan_idx` (`plan_id`),
  KEY `testers_plan_grant_idx` (`grant_type`)
) ENGINE=MyISAM DEFAULT CHARSET=utf8;

--
-- Dumping data for table `test_plan_permissions`
--

LOCK TABLES `test_plan_permissions` WRITE;
/*!40000 ALTER TABLE `test_plan_permissions` DISABLE KEYS */;
INSERT INTO `test_plan_permissions` VALUES (1,1,15,0),(1,2,15,0),(1,3,15,0);
/*!40000 ALTER TABLE `test_plan_permissions` ENABLE KEYS */;
UNLOCK TABLES;

--
-- Table structure for table `test_plan_permissions_regexp`
--

DROP TABLE IF EXISTS `test_plan_permissions_regexp`;
CREATE TABLE `test_plan_permissions_regexp` (
  `plan_id` int(11) NOT NULL,
  `user_regexp` text NOT NULL,
  `permissions` tinyint(4) NOT NULL,
  UNIQUE KEY `testers_plan_regexp_idx` (`plan_id`)
) ENGINE=MyISAM DEFAULT CHARSET=utf8;

--
-- Dumping data for table `test_plan_permissions_regexp`
--

LOCK TABLES `test_plan_permissions_regexp` WRITE;
/*!40000 ALTER TABLE `test_plan_permissions_regexp` DISABLE KEYS */;
/*!40000 ALTER TABLE `test_plan_permissions_regexp` ENABLE KEYS */;
UNLOCK TABLES;

--
-- Table structure for table `test_plan_tags`
--

DROP TABLE IF EXISTS `test_plan_tags`;
CREATE TABLE `test_plan_tags` (
  `tag_id` int(11) NOT NULL,
  `plan_id` int(11) NOT NULL,
  `userid` mediumint(9) NOT NULL,
  UNIQUE KEY `plan_tags_primary_idx` (`tag_id`,`plan_id`,`userid`),
  UNIQUE KEY `plan_tags_secondary_idx` (`tag_id`,`plan_id`),
  KEY `plan_tags_plan_id_idx` (`plan_id`),
  KEY `plan_tags_userid_idx` (`userid`)
) ENGINE=MyISAM DEFAULT CHARSET=utf8;

--
-- Dumping data for table `test_plan_tags`
--

LOCK TABLES `test_plan_tags` WRITE;
/*!40000 ALTER TABLE `test_plan_tags` DISABLE KEYS */;
INSERT INTO `test_plan_tags` VALUES (1,1,1);
/*!40000 ALTER TABLE `test_plan_tags` ENABLE KEYS */;
UNLOCK TABLES;

--
-- Table structure for table `test_plan_texts`
--

DROP TABLE IF EXISTS `test_plan_texts`;
CREATE TABLE `test_plan_texts` (
  `plan_id` int(11) NOT NULL,
  `plan_text_version` int(11) NOT NULL,
  `who` mediumint(9) NOT NULL,
  `creation_ts` datetime NOT NULL,
  `plan_text` mediumtext,
  KEY `test_plan_text_version_idx` (`plan_id`,`plan_text_version`),
  KEY `test_plan_text_who_idx` (`who`)
) ENGINE=MyISAM DEFAULT CHARSET=utf8;

--
-- Dumping data for table `test_plan_texts`
--

LOCK TABLES `test_plan_texts` WRITE;
/*!40000 ALTER TABLE `test_plan_texts` DISABLE KEYS */;
INSERT INTO `test_plan_texts` VALUES (1,1,1,'2008-03-17 16:51:01','&nbsp;This is a public test plan<br>'),(2,1,1,'2008-03-17 16:52:14','&nbsp;This is a PRIVATE test plan<br>'),(3,1,1,'2008-03-17 16:53:29','&nbsp;This is a PARTNER plan<br>'),(1,2,1,'2008-05-01 17:08:47','&nbsp;<b>This is a public test plan<br></b>\n<br>Lorem ipsum dolor sit amet, consectetuer adipiscing elit. Nam\npellentesque odio et elit. Nam lobortis sem suscipit sapien. Sed\niaculis aliquam sapien. Maecenas ut lectus. Aenean fringilla massa et\nmetus. Nam varius, sapien nec egestas feugiat, mi libero dignissim\norci, id fermentum quam nisl quis risus. Phasellus libero justo,\naliquet quis, pellentesque vitae, porttitor quis, orci. Maecenas\nsollicitudin. Donec bibendum, ante quis sodales fermentum, quam risus\nplacerat pede, nec aliquam lorem odio sit amet nisi. Ut sem tellus,\nfeugiat vitae, lobortis nec, dapibus at, est. Aenean cursus. Vivamus\nfaucibus lectus eget felis. Nullam commodo tortor vitae turpis.\n<div id=\"lipsum\">\n<p>Sed mollis interdum risus. Pellentesque ante velit, facilisis vitae,\nfermentum eu, feugiat sit amet, dui. Suspendisse tempus ullamcorper\nnisl. Suspendisse ullamcorper, velit non luctus gravida, massa turpis\nullamcorper eros, sed dictum risus neque ut augue. Vestibulum neque\nnulla, pretium fermentum, rutrum vehicula, pulvinar at, est. Quisque\ndignissim. Nullam placerat neque vel urna. Quisque cursus lacus rutrum\ntortor. Nunc ut elit. Vestibulum mi nunc, volutpat id, tempor ut,\nscelerisque vel, magna. Aenean nisl nulla, rutrum sit amet,\nsollicitudin sed, molestie eget, nisi. Lorem ipsum dolor sit amet,\nconsectetuer adipiscing elit. Class aptent taciti sociosqu ad litora\ntorquent per conubia nostra, per inceptos himenaeos. In odio erat,\nbibendum eu, gravida nec, elementum sed, urna.\n</p>\n<p>Aliquam ultricies viverra mi. Ut convallis urna quis urna. Sed sed\ntortor. Suspendisse quis tellus. Ut gravida. Ut facilisis lectus in\npurus. Sed at est non libero dignissim varius. Donec vestibulum odio ac\nfelis. Duis interdum pellentesque nisl. Aenean leo. Curabitur lectus.\nCum sociis natoque penatibus et magnis dis parturient montes, nascetur\nridiculus mus. Duis nisl ligula, elementum vitae, posuere eu, semper\neget, augue. Maecenas metus nulla, ullamcorper id, malesuada sit amet,\nmattis nec, lacus. Nam tortor.\n</p>\n<p>Nam sollicitudin, lacus sit amet aliquam tempus, nulla tellus tempus\nvelit, eu sollicitudin dolor dui et velit. In ac sem. Mauris adipiscing\nenim in felis. Morbi porttitor laoreet sapien. Nam felis dolor, laoreet\nsed, iaculis eu, vulputate eu, nunc. Nullam egestas ligula. Fusce ut\nsapien. Aliquam erat volutpat. Proin tristique scelerisque sem. Nullam\nnon erat.\n</p>\n<p>Sed feugiat, lacus in elementum egestas, sapien nulla sodales leo,\nnec scelerisque diam eros eu arcu. Phasellus ut magna. Cras dignissim\npellentesque tellus. Curabitur sapien. Suspendisse a risus lobortis\nquam consectetuer placerat. Aliquam ultricies pretium tortor. Aliquam\nerat volutpat. Mauris nunc. Etiam vitae diam. Aenean a felis. Donec\nposuere, lacus in lacinia commodo, ligula lectus rutrum nibh, non\ndapibus sapien enim eu mauris. Pellentesque arcu risus, condimentum id,\ndapibus in, blandit ut, pede. Nulla facilisi. Vestibulum elit quam,\nfringilla convallis, congue lacinia, dictum at, velit. Vestibulum ante\nipsum primis in faucibus orci luctus et ultrices posuere cubilia Curae;\nSed augue mauris, commodo vel, tincidunt hendrerit, consectetuer eu,\neros.\n</p></div><br>');
/*!40000 ALTER TABLE `test_plan_texts` ENABLE KEYS */;
UNLOCK TABLES;

--
-- Table structure for table `test_plan_types`
--

DROP TABLE IF EXISTS `test_plan_types`;
CREATE TABLE `test_plan_types` (
  `type_id` smallint(6) NOT NULL auto_increment,
  `name` varchar(64) NOT NULL,
  `description` mediumtext,
  PRIMARY KEY  (`type_id`)
) ENGINE=MyISAM AUTO_INCREMENT=10 DEFAULT CHARSET=utf8;

--
-- Dumping data for table `test_plan_types`
--

LOCK TABLES `test_plan_types` WRITE;
/*!40000 ALTER TABLE `test_plan_types` DISABLE KEYS */;
INSERT INTO `test_plan_types` VALUES (1,'Unit',NULL),(2,'Integration',NULL),(3,'Function',NULL),(4,'System',NULL),(5,'Acceptance',NULL),(6,'Installation',NULL),(7,'Performance',NULL),(8,'Product',NULL),(9,'Interoperability',NULL);
/*!40000 ALTER TABLE `test_plan_types` ENABLE KEYS */;
UNLOCK TABLES;

--
-- Table structure for table `test_plans`
--

DROP TABLE IF EXISTS `test_plans`;
CREATE TABLE `test_plans` (
  `plan_id` int(11) NOT NULL auto_increment,
  `product_id` smallint(6) NOT NULL,
  `author_id` mediumint(9) NOT NULL,
  `type_id` tinyint(4) NOT NULL,
  `default_product_version` mediumtext NOT NULL,
  `name` varchar(255) NOT NULL,
  `creation_date` datetime NOT NULL,
  `isactive` tinyint(4) NOT NULL default '1',
  PRIMARY KEY  (`plan_id`),
  KEY `plan_product_plan_id_idx` (`product_id`,`plan_id`),
  KEY `plan_author_idx` (`author_id`),
  KEY `plan_type_idx` (`type_id`),
  KEY `plan_isactive_idx` (`isactive`),
  KEY `plan_name_idx` (`name`)
) ENGINE=MyISAM AUTO_INCREMENT=4 DEFAULT CHARSET=utf8;

--
-- Dumping data for table `test_plans`
--

LOCK TABLES `test_plans` WRITE;
/*!40000 ALTER TABLE `test_plans` DISABLE KEYS */;
INSERT INTO `test_plans` VALUES (1,1,1,8,'PUBLIC v1','PUBLIC PLAN 1','2008-03-17 16:51:01',1),(2,2,1,8,'PRIVATE v2','PRIVATE PLAN 1','2008-03-17 16:52:14',0),(3,3,1,8,'PARTNER v1','PARTNER PLAN 1','2008-03-17 16:53:29',1);
/*!40000 ALTER TABLE `test_plans` ENABLE KEYS */;
UNLOCK TABLES;

--
-- Table structure for table `test_relationships`
--

DROP TABLE IF EXISTS `test_relationships`;
CREATE TABLE `test_relationships` (
  `relationship_id` tinyint(4) NOT NULL,
  `name` varchar(50) default NULL,
  PRIMARY KEY  (`relationship_id`)
) ENGINE=MyISAM DEFAULT CHARSET=utf8;

--
-- Dumping data for table `test_relationships`
--

LOCK TABLES `test_relationships` WRITE;
/*!40000 ALTER TABLE `test_relationships` DISABLE KEYS */;
/*!40000 ALTER TABLE `test_relationships` ENABLE KEYS */;
UNLOCK TABLES;

--
-- Table structure for table `test_run_activity`
--

DROP TABLE IF EXISTS `test_run_activity`;
CREATE TABLE `test_run_activity` (
  `run_id` int(11) NOT NULL,
  `fieldid` smallint(6) NOT NULL,
  `who` mediumint(9) NOT NULL,
  `changed` datetime NOT NULL,
  `oldvalue` mediumtext,
  `newvalue` mediumtext,
  KEY `run_activity_run_id_idx` (`run_id`),
  KEY `run_activity_field_idx` (`fieldid`),
  KEY `run_activity_who_idx` (`who`),
  KEY `run_activity_when_idx` (`changed`)
) ENGINE=MyISAM DEFAULT CHARSET=utf8;

--
-- Dumping data for table `test_run_activity`
--

LOCK TABLES `test_run_activity` WRITE;
/*!40000 ALTER TABLE `test_run_activity` DISABLE KEYS */;
/*!40000 ALTER TABLE `test_run_activity` ENABLE KEYS */;
UNLOCK TABLES;

--
-- Table structure for table `test_run_cc`
--

DROP TABLE IF EXISTS `test_run_cc`;
CREATE TABLE `test_run_cc` (
  `run_id` int(11) NOT NULL,
  `who` mediumint(9) NOT NULL,
  UNIQUE KEY `test_run_cc_primary_idx` (`run_id`,`who`),
  KEY `test_run_cc_who_idx` (`who`)
) ENGINE=MyISAM DEFAULT CHARSET=utf8;

--
-- Dumping data for table `test_run_cc`
--

LOCK TABLES `test_run_cc` WRITE;
/*!40000 ALTER TABLE `test_run_cc` DISABLE KEYS */;
/*!40000 ALTER TABLE `test_run_cc` ENABLE KEYS */;
UNLOCK TABLES;

--
-- Table structure for table `test_run_tags`
--

DROP TABLE IF EXISTS `test_run_tags`;
CREATE TABLE `test_run_tags` (
  `tag_id` int(11) NOT NULL,
  `run_id` int(11) NOT NULL,
  `userid` mediumint(9) NOT NULL,
  UNIQUE KEY `run_tags_primary_idx` (`tag_id`,`run_id`,`userid`),
  UNIQUE KEY `run_tags_secondary_idx` (`tag_id`,`run_id`),
  KEY `run_tags_run_id_idx` (`run_id`),
  KEY `run_tags_userid_idx` (`userid`)
) ENGINE=MyISAM DEFAULT CHARSET=utf8;

--
-- Dumping data for table `test_run_tags`
--

LOCK TABLES `test_run_tags` WRITE;
/*!40000 ALTER TABLE `test_run_tags` DISABLE KEYS */;
INSERT INTO `test_run_tags` VALUES (3,3,1);
/*!40000 ALTER TABLE `test_run_tags` ENABLE KEYS */;
UNLOCK TABLES;

--
-- Table structure for table `test_runs`
--

DROP TABLE IF EXISTS `test_runs`;
CREATE TABLE `test_runs` (
  `run_id` int(11) NOT NULL auto_increment,
  `plan_id` int(11) NOT NULL,
  `environment_id` int(11) NOT NULL,
  `product_version` mediumtext,
  `build_id` int(11) NOT NULL,
  `plan_text_version` int(11) NOT NULL,
  `manager_id` mediumint(9) NOT NULL,
  `default_tester_id` mediumint(9) default NULL,
  `start_date` datetime NOT NULL,
  `stop_date` datetime default NULL,
  `summary` tinytext NOT NULL,
  `notes` mediumtext,
  PRIMARY KEY  (`run_id`),
  KEY `test_run_plan_id_run_id_idx` (`plan_id`,`run_id`),
  KEY `test_run_manager_idx` (`manager_id`),
  KEY `test_run_start_date_idx` (`start_date`),
  KEY `test_run_stop_date_idx` (`stop_date`),
  KEY `test_run_env_idx` (`environment_id`),
  KEY `test_run_build_idx` (`build_id`),
  KEY `test_run_plan_ver_idx` (`plan_text_version`),
  KEY `test_run_tester_idx` (`default_tester_id`)
) ENGINE=MyISAM AUTO_INCREMENT=4 DEFAULT CHARSET=utf8;

--
-- Dumping data for table `test_runs`
--

LOCK TABLES `test_runs` WRITE;
/*!40000 ALTER TABLE `test_runs` DISABLE KEYS */;
INSERT INTO `test_runs` VALUES (1,1,3,'PUBLIC v1',4,1,5,NULL,'2008-04-17 09:54:24',NULL,'PUBLIC TEST RUN 1','PUBLIC TEST RUN 1'),(2,2,1,'PRIVATE v1',1,1,2,NULL,'2008-05-02 14:29:02',NULL,'PARTNER RUN','PARTNER RUN NOTES'),(3,2,2,'PRIVATE v2',2,1,2,NULL,'2008-05-02 14:29:18',NULL,'PARTNER RUN','PARTNER RUN NOTES');
/*!40000 ALTER TABLE `test_runs` ENABLE KEYS */;
UNLOCK TABLES;

--
-- Table structure for table `test_tags`
--

DROP TABLE IF EXISTS `test_tags`;
CREATE TABLE `test_tags` (
  `tag_id` int(11) NOT NULL auto_increment,
  `tag_name` varchar(255) NOT NULL,
  PRIMARY KEY  (`tag_id`),
  KEY `test_tag_name_idx_v2` (`tag_name`)
) ENGINE=MyISAM AUTO_INCREMENT=4 DEFAULT CHARSET=utf8;

--
-- Dumping data for table `test_tags`
--

LOCK TABLES `test_tags` WRITE;
/*!40000 ALTER TABLE `test_tags` DISABLE KEYS */;
INSERT INTO `test_tags` VALUES (1,'Public'),(2,'Private'),(3,'Partner');
/*!40000 ALTER TABLE `test_tags` ENABLE KEYS */;
UNLOCK TABLES;

--
-- Table structure for table `tokens`
--

DROP TABLE IF EXISTS `tokens`;
CREATE TABLE `tokens` (
  `userid` mediumint(9) default NULL,
  `issuedate` datetime NOT NULL,
  `token` varchar(16) NOT NULL,
  `tokentype` varchar(8) NOT NULL,
  `eventdata` tinytext,
  PRIMARY KEY  (`token`),
  KEY `tokens_userid_idx` (`userid`)
) ENGINE=MyISAM DEFAULT CHARSET=utf8;

--
-- Dumping data for table `tokens`
--

LOCK TABLES `tokens` WRITE;
/*!40000 ALTER TABLE `tokens` DISABLE KEYS */;
INSERT INTO `tokens` VALUES (1,'2008-05-02 14:51:02','Zzog07sUwU','session','edit_group'),(1,'2008-05-02 14:51:33','gv3Cnn1YHG','session','edit_group'),(1,'2008-05-02 14:47:10','5Hc6oyGIoX','session','edit_user'),(1,'2008-05-02 14:47:08','OU0Fk0XmP2','session','edit_user'),(1,'2008-05-02 14:46:36','HGqWaqFjYv','session','edit_group'),(1,'2008-05-02 14:46:34','eKvbg8Ctde','session','edit_group'),(1,'2008-05-02 14:46:08','mioaP1BwE9','session','edit_user'),(1,'2008-05-02 14:45:48','VyKqtm1n14','session','edit_user'),(1,'2008-05-02 14:46:07','EfQ4HncVJI','session','edit_user'),(1,'2008-05-02 14:45:16','EuVzmBMNIP','session','edit_user'),(1,'2008-05-02 14:45:14','8A59PcqkAU','session','edit_user'),(1,'2008-05-02 14:45:07','eNUBOfAU3g','session','edit_user'),(1,'2008-05-02 14:45:06','jXHHM2xgGv','session','edit_user'),(1,'2008-05-02 14:44:50','bGXTZDkMrR','session','edit_user'),(1,'2008-05-02 14:44:42','qac4kmeRnn','session','edit_user'),(1,'2008-05-02 14:44:49','oonmgKM6Up','session','edit_user'),(1,'2008-05-02 14:44:31','8q3B4Ls9nI','session','edit_user'),(1,'2008-05-02 14:44:01','bx5POwjtfX','session','edit_user'),(1,'2008-05-02 14:44:29','CYL1QV0LVZ','session','edit_user'),(1,'2008-05-02 14:43:41','dmNHdSUzM9','session','edit_user'),(1,'2008-05-02 14:43:27','g8s0nUB0ys','session','edit_user'),(1,'2008-05-02 14:43:40','tUj6K7JMQX','session','edit_user'),(1,'2008-05-02 14:43:13','ABeKirlvVr','session','edit_user'),(1,'2008-05-02 14:42:52','ig1kaNGOt0','session','edit_user'),(1,'2008-05-02 14:43:11','35AW14OH17','session','edit_user'),(1,'2008-05-02 14:37:26','UojzfCQ4cq','session','edit_product'),(1,'2008-05-02 14:37:24','wzHivUGror','session','edit_product'),(1,'2008-05-02 14:37:14','nXMVzUPuzC','session','edit_product'),(1,'2008-05-02 14:37:12','DMyUzF5irS','session','edit_product'),(1,'2008-05-02 14:36:58','IdbtGEzC6T','session','edit_product'),(1,'2008-05-02 14:36:49','9A3HVCYod2','session','edit_group_controls'),(1,'2008-05-02 14:36:48','4BSWEvYiW1','session','edit_group_controls'),(1,'2008-05-02 14:36:45','zGpvba8saL','session','edit_product'),(1,'2008-05-02 14:36:44','jc9XK8DTf3','session','edit_product'),(1,'2008-05-02 14:33:49','u2NvNqrqeK','session','edit_group_controls'),(1,'2008-05-01 17:22:58','NlD32ZB5Jc','session','createbug:2'),(1,'2008-05-02 14:31:16','NTKyBgowwc','session','edit_product'),(1,'2008-05-02 14:31:17','8U7sSamWVd','session','edit_product'),(1,'2008-05-02 14:51:45','i2LheuBigV','session','edit_product'),(1,'2008-05-02 14:31:24','TAMHWO9GGS','session','edit_group_controls'),(1,'2008-05-02 14:51:46','rPYOLH1vpN','session','edit_product'),(1,'2008-05-02 14:52:09','GjEdx8s6OM','session','edit_group_controls'),(1,'2008-05-02 14:52:11','KsuUmfN4gR','session','edit_group_controls'),(1,'2008-05-02 15:01:22','pRJuLwYw21','session','edit_product'),(1,'2008-05-02 15:01:26','kdmDhrsu6s','session','edit_product'),(1,'2008-05-02 15:09:13','ERWmkpUOPF','session','createbug:3'),(1,'2008-05-02 15:12:40','8HYIPmGWgc','session','edit_group'),(1,'2008-05-02 15:12:42','RP12jUBF94','session','edit_group'),(1,'2008-05-02 15:13:11','9XM243wzya','session','edit_group'),(1,'2008-05-02 15:13:13','8D0fE2L5Km','session','edit_group'),(2,'2008-05-02 15:14:14','NdF08sPHDO','session','createbug:'),(1,'2008-05-02 15:14:49','9ibRoQm4Z2','session','edit_product'),(1,'2008-05-02 15:14:50','tGvDQ7xIqb','session','edit_product'),(1,'2008-05-02 15:15:32','EYZoBDiLSr','session','edit_group'),(1,'2008-05-02 15:15:08','b3viUsc6mm','session','edit_group'),(1,'2008-05-02 15:15:52','0YkcZVp6yg','session','edit_group'),(1,'2008-05-02 15:15:40','6gZDTD1r2M','session','edit_group'),(2,'2008-05-02 15:19:13','lYoujnHHxw','session','createbug:4'),(7,'2008-05-02 15:20:38','XYEf5r4pHB','session','createbug:5'),(3,'2008-05-02 15:26:26','Ko1sjx9tyG','session','createbug:6');
/*!40000 ALTER TABLE `tokens` ENABLE KEYS */;
UNLOCK TABLES;

--
-- Table structure for table `user_group_map`
--

DROP TABLE IF EXISTS `user_group_map`;
CREATE TABLE `user_group_map` (
  `user_id` mediumint(9) NOT NULL,
  `group_id` mediumint(9) NOT NULL,
  `isbless` tinyint(4) NOT NULL default '0',
  `grant_type` tinyint(4) NOT NULL default '0',
  UNIQUE KEY `user_group_map_user_id_idx` (`user_id`,`group_id`,`grant_type`,`isbless`)
) ENGINE=MyISAM DEFAULT CHARSET=utf8;

--
-- Dumping data for table `user_group_map`
--

LOCK TABLES `user_group_map` WRITE;
/*!40000 ALTER TABLE `user_group_map` DISABLE KEYS */;
INSERT INTO `user_group_map` VALUES (1,1,0,0),(1,1,1,0),(1,2,0,0),(1,2,1,0),(1,4,0,0),(1,4,1,0),(1,9,0,2),(2,9,0,2),(2,15,0,0),(2,15,1,0),(3,1,0,0),(3,1,1,0),(3,9,0,2),(4,9,0,2),(5,9,0,2),(6,9,0,2),(6,15,0,0),(6,15,1,0),(7,9,0,2),(7,16,0,0),(7,16,1,0),(8,9,0,2),(8,16,0,0),(8,16,1,0);
/*!40000 ALTER TABLE `user_group_map` ENABLE KEYS */;
UNLOCK TABLES;

--
-- Table structure for table `versions`
--

DROP TABLE IF EXISTS `versions`;
CREATE TABLE `versions` (
  `id` mediumint(9) NOT NULL auto_increment,
  `value` varchar(64) NOT NULL,
  `product_id` smallint(6) NOT NULL,
  `disallownew` tinyint(4) NOT NULL default '0',
  PRIMARY KEY  (`id`),
  UNIQUE KEY `versions_product_id_idx` (`product_id`,`value`)
) ENGINE=MyISAM AUTO_INCREMENT=8 DEFAULT CHARSET=utf8;

--
-- Dumping data for table `versions`
--

LOCK TABLES `versions` WRITE;
/*!40000 ALTER TABLE `versions` DISABLE KEYS */;
INSERT INTO `versions` VALUES (1,'PUBLIC v1',1,0),(2,'PRIVATE v1',2,0),(3,'PARTNER v1',3,0),(4,'PARTNER v2',3,0),(5,'PUBLIC v2',1,0),(6,'PUBLIC v3',1,0),(7,'PRIVATE v2',2,0);
/*!40000 ALTER TABLE `versions` ENABLE KEYS */;
UNLOCK TABLES;

--
-- Table structure for table `votes`
--

DROP TABLE IF EXISTS `votes`;
CREATE TABLE `votes` (
  `who` mediumint(9) NOT NULL,
  `bug_id` mediumint(9) NOT NULL,
  `vote_count` smallint(6) NOT NULL,
  KEY `votes_who_idx` (`who`),
  KEY `votes_bug_id_idx` (`bug_id`)
) ENGINE=MyISAM DEFAULT CHARSET=utf8;

--
-- Dumping data for table `votes`
--

LOCK TABLES `votes` WRITE;
/*!40000 ALTER TABLE `votes` DISABLE KEYS */;
/*!40000 ALTER TABLE `votes` ENABLE KEYS */;
UNLOCK TABLES;

--
-- Table structure for table `watch`
--

DROP TABLE IF EXISTS `watch`;
CREATE TABLE `watch` (
  `watcher` mediumint(9) NOT NULL,
  `watched` mediumint(9) NOT NULL,
  UNIQUE KEY `watch_watcher_idx` (`watcher`,`watched`),
  KEY `watch_watched_idx` (`watched`)
) ENGINE=MyISAM DEFAULT CHARSET=utf8;

--
-- Dumping data for table `watch`
--

LOCK TABLES `watch` WRITE;
/*!40000 ALTER TABLE `watch` DISABLE KEYS */;
/*!40000 ALTER TABLE `watch` ENABLE KEYS */;
UNLOCK TABLES;

--
-- Table structure for table `whine_events`
--

DROP TABLE IF EXISTS `whine_events`;
CREATE TABLE `whine_events` (
  `id` mediumint(9) NOT NULL auto_increment,
  `owner_userid` mediumint(9) NOT NULL,
  `subject` varchar(128) default NULL,
  `body` mediumtext,
  PRIMARY KEY  (`id`)
) ENGINE=MyISAM DEFAULT CHARSET=utf8;

--
-- Dumping data for table `whine_events`
--

LOCK TABLES `whine_events` WRITE;
/*!40000 ALTER TABLE `whine_events` DISABLE KEYS */;
/*!40000 ALTER TABLE `whine_events` ENABLE KEYS */;
UNLOCK TABLES;

--
-- Table structure for table `whine_queries`
--

DROP TABLE IF EXISTS `whine_queries`;
CREATE TABLE `whine_queries` (
  `id` mediumint(9) NOT NULL auto_increment,
  `eventid` mediumint(9) NOT NULL,
  `query_name` varchar(64) NOT NULL default '',
  `sortkey` smallint(6) NOT NULL default '0',
  `onemailperbug` tinyint(4) NOT NULL default '0',
  `title` varchar(128) NOT NULL default '',
  PRIMARY KEY  (`id`),
  KEY `whine_queries_eventid_idx` (`eventid`)
) ENGINE=MyISAM DEFAULT CHARSET=utf8;

--
-- Dumping data for table `whine_queries`
--

LOCK TABLES `whine_queries` WRITE;
/*!40000 ALTER TABLE `whine_queries` DISABLE KEYS */;
/*!40000 ALTER TABLE `whine_queries` ENABLE KEYS */;
UNLOCK TABLES;

--
-- Table structure for table `whine_schedules`
--

DROP TABLE IF EXISTS `whine_schedules`;
CREATE TABLE `whine_schedules` (
  `id` mediumint(9) NOT NULL auto_increment,
  `eventid` mediumint(9) NOT NULL,
  `run_day` varchar(32) default NULL,
  `run_time` varchar(32) default NULL,
  `run_next` datetime default NULL,
  `mailto` mediumint(9) NOT NULL,
  `mailto_type` smallint(6) NOT NULL default '0',
  PRIMARY KEY  (`id`),
  KEY `whine_schedules_run_next_idx` (`run_next`),
  KEY `whine_schedules_eventid_idx` (`eventid`)
) ENGINE=MyISAM DEFAULT CHARSET=utf8;

--
-- Dumping data for table `whine_schedules`
--

LOCK TABLES `whine_schedules` WRITE;
/*!40000 ALTER TABLE `whine_schedules` DISABLE KEYS */;
/*!40000 ALTER TABLE `whine_schedules` ENABLE KEYS */;
UNLOCK TABLES;
/*!40103 SET TIME_ZONE=@OLD_TIME_ZONE */;

/*!40101 SET SQL_MODE=@OLD_SQL_MODE */;
/*!40014 SET FOREIGN_KEY_CHECKS=@OLD_FOREIGN_KEY_CHECKS */;
/*!40014 SET UNIQUE_CHECKS=@OLD_UNIQUE_CHECKS */;
/*!40101 SET CHARACTER_SET_CLIENT=@OLD_CHARACTER_SET_CLIENT */;
/*!40101 SET CHARACTER_SET_RESULTS=@OLD_CHARACTER_SET_RESULTS */;
/*!40101 SET COLLATION_CONNECTION=@OLD_COLLATION_CONNECTION */;
/*!40111 SET SQL_NOTES=@OLD_SQL_NOTES */;

-- Dump completed on 2008-05-28 19:57:33
